year,month,ppt_mm,tmin,tmax
1895,1,53,-15.8,-4.5
1895,2,67,-18.3,-3.6
1895,3,83,-12.5,2.2
1895,4,61,-7.3,10.5
1895,5,92,-3.9,12.8
1895,6,87,-1.1,15.9
1896,7,83,1.6,18.7
1896,8,50,3.5,20.8
1896,9,22,-0.5,18.6
1896,10,53,-5.6,9.4
1896,11,76,-12,-0.6
1896,12,49,-16,-3.1
1896,1,57,-12.1,1.3
1896,2,37,-14.5,0.2
1896,3,79,-12.1,1.1
1896,4,63,-6.6,8.5
1896,5,56,-2.7,13.3
1896,6,44,2.2,19.7
1897,7,88,3.2,19.7
1897,8,61,3.5,21.2
1897,9,57,0.5,16.6
1897,10,24,-5.9,10
1897,11,52,-13.5,-0.1
1897,12,33,-12.1,2
1897,1,47,-16.3,-3.3
1897,2,73,-14.3,-1.4
1897,3,116,-13.4,2.1
1897,4,58,-6.9,7.8
1897,5,62,-1,14.3
1897,6,52,0.7,17.7
1898,7,71,1.9,20.3
1898,8,58,3.5,19.9
1898,9,26,2.3,18.6
1898,10,41,-4.9,10.2
1898,11,62,-10.7,2.5
1898,12,66,-16.4,-3.4
1898,1,35,-16.3,-3
1898,2,34,-11.6,2.6
1898,3,55,-13.8,1.1
1898,4,55,-6.6,9.6
1898,5,96,-3.8,9.1
1898,6,38,1.4,19.3
1899,7,28,3.2,20.7
1899,8,44,4.1,21.8
1899,9,20,-1.7,15.7
1899,10,36,-5.6,8.3
1899,11,86,-13.4,-0.5
1899,12,54,-17.3,-4.1
1899,1,66,-14.7,-2.4
1899,2,78,-21.5,-7.6
1899,3,105,-12.6,1.5
1899,4,62,-7.4,8.9
1899,5,27,-3.7,12.9
1899,6,29,0.8,18
1900,7,85,2.7,19.1
1900,8,50,3.2,20.3
1900,9,15,0.5,18.1
1900,10,75,-5,7.2
1900,11,33,-8.6,4.9
1900,12,64,-15.3,-2.4
1900,1,38,-12.5,0.4
1900,2,74,-15.6,-2.2
1900,3,66,-9.7,6.1
1900,4,217,-7.2,4.9
1900,5,44,-1.8,15.2
1900,6,20,2.3,20.3
1901,7,36,2.2,20
1901,8,19,3.2,21.1
1901,9,48,0,15
1901,10,23,-3.7,11.9
1901,11,44,-9.7,3.3
1901,12,48,-12.8,-0.1
1901,1,44,-13.8,-1.1
1901,2,61,-16.7,-2.6
1901,3,94,-11.4,2.8
1901,4,98,-7.4,6.6
1901,5,84,-1.4,14.3
1901,6,49,0.3,17.6
1902,7,25,4.5,23.2
1902,8,48,4.4,20
1902,9,24,-1.2,16.4
1902,10,37,-4,10.8
1902,11,28,-9.2,4.9
1902,12,82,-13.7,-2.8
1902,1,45,-15.4,-2.2
1902,2,51,-11.3,1.5
1902,3,86,-11.9,1.6
1902,4,53,-7.5,8.5
1902,5,55,-1.8,13.6
1902,6,41,1.1,18.8
1903,7,47,1.4,18.8
1903,8,32,4.5,21
1903,9,103,-1.7,16.1
1903,10,44,-3.1,10
1903,11,72,-10.7,1.5
1903,12,80,-13.5,-1.9
1903,1,39,-13.2,-0.6
1903,2,90,-20.5,-7.2
1903,3,83,-11.3,3
1903,4,71,-7,7.4
1903,5,41,-4.5,11.4
1903,6,54,0.3,14.8
1904,7,41,2.6,21.2
1904,8,49,3.7,20.7
1904,9,45,-1.1,14.9
1904,10,64,-4.4,10.4
1904,11,45,-10.7,3.3
1904,12,38,-13.1,0.1
1904,1,34,-15.5,-3.1
1904,2,48,-10.6,3.9
1904,3,74,-10.3,5
1904,4,59,-7.1,7.8
1904,5,109,-2.8,11.3
1904,6,55,-0.5,15.5
1905,7,51,1.7,19.3
1905,8,46,3.8,20.1
1905,9,50,0.2,17.2
1905,10,36,-4.5,10.3
1905,11,29,-10.3,5.6
1905,12,44,-12.6,-1.6
1905,1,62,-14.8,-3.9
1905,2,59,-17.5,-3.1
1905,3,96,-7.2,5.6
1905,4,158,-8,5.4
1905,5,95,-3.4,11.1
1905,6,20,1.7,19.7
1906,7,60,2.3,19
1906,8,33,4.5,21.6
1906,9,36,0.7,17.7
1906,10,72,-6.8,7
1906,11,45,-9.1,3.2
1906,12,27,-15.7,-1.3
1906,1,41,-12.6,0.8
1906,2,31,-13.2,1.6
1906,3,126,-14.4,-1.5
1906,4,134,-5.2,8.7
1906,5,67,-2.4,13.2
1906,6,39,0,17.1
1907,7,67,2.1,18
1907,8,51,3.3,20.4
1907,9,84,0.8,15.6
1907,10,72,-5.5,9.2
1907,11,89,-10.8,-0.1
1907,12,31,-10.4,2.1
1907,1,43,-13.6,-1
1907,2,50,-9.6,4.6
1907,3,56,-8,6.7
1907,4,88,-8.1,5.9
1907,5,85,-4.8,8.5
1907,6,18,0,17.7
1908,7,80,3,20.5
1908,8,41,3.6,19.9
1908,9,30,0.2,16.8
1908,10,27,-3.9,11.2
1908,11,49,-12.3,1.9
1908,12,48,-12.8,-1.3
1908,1,48,-14,-0.9
1908,2,32,-13.8,1.1
1908,3,43,-9.1,6.3
1908,4,40,-6.7,9.4
1908,5,115,-3.8,10.6
1908,6,22,0.3,17.5
1909,7,79,2.9,19.7
1909,8,74,3.5,18.8
1909,9,36,0.4,18.7
1909,10,86,-5.6,6.9
1909,11,76,-12.7,0.8
1909,12,66,-14.1,-1.7
1909,1,49,-11.3,0
1909,2,74,-14.4,-0.9
1909,3,118,-11.7,1.7
1909,4,89,-9.1,5.1
1909,5,54,-4.2,11.4
1909,6,46,1.8,18.6
1910,7,62,3.8,21
1910,8,70,5.3,20.5
1910,9,73,-0.1,15.8
1910,10,24,-4.4,10.9
1910,11,86,-8.8,2.6
1910,12,78,-19.7,-7.9
1910,1,36,-13.9,-1
1910,2,62,-16.2,-1.4
1910,3,40,-6.2,10.4
1910,4,50,-5.7,9.1
1910,5,75,-1.7,11.1
1910,6,25,1.1,19.8
1911,7,65,5.7,22.4
1911,8,26,3.9,20.9
1911,9,49,1.1,17.5
1911,10,44,-4.8,11.4
1911,11,46,-7.9,3.2
1911,12,54,-14.1,-1.8
1911,1,65,-11.2,1
1911,2,64,-14.9,-2.3
1911,3,49,-8.7,6.9
1911,4,75,-7.3,7.4
1911,5,29,-2.8,14.2
1911,6,45,2.7,19.1
1912,7,65,2.5,18.4
1912,8,40,2.4,21.2
1912,9,33,1.8,16.7
1912,10,53,-6.6,8
1912,11,68,-12.7,0.1
1912,12,43,-15.9,-5.2
1912,1,63,-14.1,-0.8
1912,2,96,-14.2,-2.4
1912,3,103,-15.2,0.6
1912,4,68,-7.3,6.2
1912,5,70,-3.2,12.3
1912,6,61,0.2,16.2
1913,7,106,2.9,19
1913,8,54,3.2,20
1913,9,63,-2.9,12.1
1913,10,56,-5,9.3
1913,11,57,-10.4,3.7
1913,12,54,-15.9,-3.7
1913,1,52,-15.8,-3.1
1913,2,72,-17,-3.3
1913,3,45,-12.7,2.5
1913,4,65,-6.9,8.7
1913,5,42,-2.2,13.3
1913,6,33,1.2,17.5
1914,7,82,2.5,19.6
1914,8,32,4.4,21.9
1914,9,74,-0.8,13.7
1914,10,60,-5.8,7.1
1914,11,52,-8.6,4.7
1914,12,135,-18.7,-5.3
1914,1,49,-11.1,0
1914,2,47,-15.4,-2.1
1914,3,67,-11.4,4.5
1914,4,102,-5.6,6.7
1914,5,77,-2.4,13.3
1914,6,38,1.3,18.6
1915,7,71,3.8,19.5
1915,8,67,3.2,20.5
1915,9,21,0.2,18.2
1915,10,72,-3.2,9.7
1915,11,33,-10.6,6
1915,12,39,-17.9,-6.6
1915,1,51,-15.4,-2.6
1915,2,74,-11.9,1.1
1915,3,81,-12.9,0.2
1915,4,102,-3.8,10
1915,5,85,-4.7,10.1
1915,6,46,0,16.4
1916,7,37,1.8,19.7
1916,8,52,2.4,18.3
1916,9,78,0.2,15.5
1916,10,52,-4.7,11.4
1916,11,57,-9.5,1.2
1916,12,69,-14.9,-1.2
1916,1,80,-16.4,-5
1916,2,51,-12.9,2
1916,3,64,-8.3,6.3
1916,4,61,-7.1,7.2
1916,5,67,-4,12.6
1916,6,9,0.5,18.6
1917,7,53,4.7,20.9
1917,8,62,3.7,18.5
1917,9,37,-1,16.9
1917,10,91,-4.5,7.9
1917,11,81,-14.1,0.1
1917,12,77,-16,-5.7
1917,1,48,-16.1,-3.8
1917,2,63,-13,-0.5
1917,3,80,-15.6,-0.5
1917,4,83,-7.9,5.2
1917,5,133,-4.4,8.4
1917,6,9,0,19.8
1918,7,51,4.5,21.5
1918,8,37,2.6,18.9
1918,9,20,0.7,17.7
1918,10,42,-6.2,9
1918,11,57,-7.9,5
1918,12,52,-10.9,-0.1
1918,1,70,-17.3,-5.7
1918,2,82,-13.3,2
1918,3,71,-8.8,6.6
1918,4,93,-8.5,3.5
1918,5,50,-2.8,14.3
1918,6,42,3.3,20.8
1919,7,83,3.4,19.4
1919,8,39,3.9,20.8
1919,9,81,-0.2,14.7
1919,10,49,-2.3,10.4
1919,11,72,-13.9,-0.4
1919,12,59,-14.4,-3.4
1919,1,19,-15.2,-0.6
1919,2,52,-14,-1.9
1919,3,76,-11.1,3.7
1919,4,71,-5.8,8.4
1919,5,29,-3,13.8
1919,6,15,0.8,19.5
1920,7,75,5.8,21.4
1920,8,33,4.1,21.7
1920,9,51,2.4,17
1920,10,62,-6.5,6.5
1920,11,97,-13,0.5
1920,12,54,-16.2,-2
1920,1,52,-12.4,-0.2
1920,2,64,-13,-0.9
1920,3,61,-12.5,2.4
1920,4,149,-9.8,1.8
1920,5,52,-2.1,13.9
1920,6,28,0.7,17.4
1921,7,43,2.9,20.8
1921,8,66,3.2,17.9
1921,9,34,-0.8,16.1
1921,10,59,-4.8,8.6
1921,11,62,-12.1,-0.6
1921,12,66,-14.8,-2.7
1921,1,64,-13.7,-1.3
1921,2,49,-13.5,0.3
1921,3,67,-8.8,6
1921,4,133,-8.6,4.9
1921,5,50,-1.9,13.1
1921,6,76,2.1,18.1
1922,7,65,3.1,20
1922,8,64,4.3,19
1922,9,16,-0.8,18
1922,10,34,-2.9,11.3
1922,11,60,-9.4,2.7
1922,12,77,-11.9,-0.4
1922,1,50,-18.1,-5.8
1922,2,68,-15,-1.4
1922,3,73,-12.7,3.9
1922,4,104,-7.5,4.9
1922,5,41,-2.7,12.9
1922,6,21,1.9,20.4
1923,7,48,3,19.3
1923,8,63,5.5,20.9
1923,9,12,0,17.6
1923,10,40,-5.6,9.5
1923,11,102,-12.3,-1.5
1923,12,74,-13,-1.2
1923,1,38,-12.3,-0.6
1923,2,71,-18.3,-3
1923,3,99,-14.1,-0.1
1923,4,65,-7.5,6.7
1923,5,73,-2.4,12
1923,6,85,0.4,17.2
1924,7,90,4.3,20
1924,8,71,3.2,17.9
1924,9,53,-1.1,14.8
1924,10,99,-6.4,4.7
1924,11,39,-11.1,3.1
1924,12,58,-16.1,-2.9
1924,1,50,-17.1,-4.7
1924,2,53,-11.3,1.6
1924,3,95,-15.5,-3
1924,4,57,-8,7.6
1924,5,82,-4.2,10.8
1924,6,9,0.9,20
1925,7,29,2.7,19.5
1925,8,13,3.3,21.4
1925,9,52,-1.5,14.3
1925,10,83,-3.8,9
1925,11,46,-10.7,3
1925,12,77,-17.8,-5.7
1925,1,40,-15.3,-3.3
1925,2,41,-11.1,2.2
1925,3,56,-10.8,5.2
1925,4,32,-5.7,9.1
1925,5,49,-1.9,13.3
1925,6,54,1.6,16.9
1926,7,68,3.7,20.3
1926,8,71,3.5,18.2
1926,9,60,0.5,16.2
1926,10,103,-6.5,5.3
1926,11,67,-11.2,1.2
1926,12,79,-14.3,-2.3
1926,1,53,-16.2,-4.2
1926,2,57,-10.7,1.6
1926,3,89,-12.7,1.8
1926,4,120,-6.4,7.8
1926,5,83,-1.9,12.3
1926,6,32,1,18.2
1927,7,66,2.5,18.5
1927,8,52,3.4,20.8
1927,9,24,-1.2,16.1
1927,10,46,-4.2,10.7
1927,11,65,-8.5,0.7
1927,12,69,-16.1,-3.5
1927,1,37,-13.4,-0.1
1927,2,68,-12.4,-0.4
1927,3,95,-12.5,1.6
1927,4,100,-6.8,7.6
1927,5,49,-2.9,14.2
1927,6,69,1.7,16
1928,7,68,2.5,19.9
1928,8,68,2.6,16.8
1928,9,48,-0.1,15.7
1928,10,55,-5.2,10.8
1928,11,82,-7.6,2.6
1928,12,53,-19.2,-6.3
1928,1,36,-11.9,-0.1
1928,2,65,-15.5,-1.4
1928,3,100,-9.8,3.7
1928,4,55,-8.8,5.7
1928,5,109,-1.3,13.2
1928,6,59,-0.7,15
1929,7,53,2.5,20.5
1929,8,30,2.5,19.5
1929,9,18,-0.5,17
1929,10,58,-3.5,8.7
1929,11,93,-11.1,0.4
1929,12,33,-17.3,-3.6
1929,1,44,-15.6,-4.3
1929,2,59,-19.1,-5.2
1929,3,126,-10.6,2.4
1929,4,69,-8,5.6
1929,5,55,-3.6,12.1
1929,6,18,0.4,18.8
1930,7,66,4.2,19.8
1930,8,78,4.9,20.1
1930,9,63,-0.7,14.1
1930,10,59,-4.9,9.6
1930,11,75,-15.5,-3.1
1930,12,40,-12.8,0.5
1930,1,72,-22,-7.5
1930,2,52,-9.1,3.3
1930,3,75,-13.5,1
1930,4,52,-4.2,11.3
1930,5,76,-4.3,10.2
1930,6,25,0.7,19.8
1931,7,66,4.2,20
1931,8,107,4.3,19.1
1931,9,40,-0.7,16.6
1931,10,40,-5.2,8.6
1931,11,78,-12.3,1.7
1931,12,40,-16.7,-3
1931,1,15,-14.1,-0.8
1931,2,74,-11.3,1.3
1931,3,77,-13.1,1.6
1931,4,66,-7.4,8
1931,5,73,-4,10.5
1931,6,48,2.5,19.8
1932,7,48,3.8,21.6
1932,8,40,3.6,19.3
1932,9,34,1.7,17.8
1932,10,46,-3.4,9.6
1932,11,71,-13,0.5
1932,12,32,-15.1,-2
1932,1,42,-16.6,-4.9
1932,2,68,-10.8,2.5
1932,3,119,-14.3,-0.3
1932,4,77,-6.5,8.8
1932,5,48,-2.4,13.3
1932,6,31,0.8,17
1933,7,60,4.3,20.8
1933,8,48,4.2,20.4
1933,9,13,-1,17.2
1933,10,52,-5.5,7.7
1933,11,58,-9.3,3
1933,12,58,-19.2,-6.7
1933,1,32,-13.1,-0.9
1933,2,44,-17.9,-3.8
1933,3,79,-9.3,5.4
1933,4,145,-9.1,5
1933,5,91,-4,10.6
1933,6,10,2.9,21.3
1934,7,44,4.5,21.1
1934,8,59,3.3,18.9
1934,9,63,2,18.4
1934,10,11,-4.4,12.4
1934,11,38,-9,4.1
1934,12,69,-9.9,1.6
1934,1,26,-12.5,-0.1
1934,2,99,-10.6,2
1934,3,72,-9,6.1
1934,4,65,-6.1,9.4
1934,5,88,-0.7,16.3
1934,6,33,1,18.9
1935,7,40,4.7,22.3
1935,8,42,4.8,21
1935,9,40,-2.2,15.4
1935,10,11,-3.1,12.6
1935,11,68,-8.7,2
1935,12,47,-13.6,-1.2
1935,1,31,-13.3,1.2
1935,2,44,-13.7,1.3
1935,3,51,-10.4,4
1935,4,102,-6.8,6.1
1935,5,125,-3.5,8.5
1935,6,22,0.4,19.3
1936,7,57,3.7,20.9
1936,8,43,4.8,20.7
1936,9,50,-0.4,16.5
1936,10,57,-5.4,8.3
1936,11,61,-11,0
1936,12,27,-15,-0.9
1936,1,59,-13.4,-3.2
1936,2,97,-15.2,-2.2
1936,3,93,-11.2,4.4
1936,4,52,-6.6,8.3
1936,5,51,-1.9,15.1
1936,6,39,2.8,19.5
1937,7,61,4.4,21.3
1937,8,69,4.6,20.2
1937,9,43,-0.5,16.5
1937,10,53,-4.9,7.2
1937,11,34,-11.8,3
1937,12,52,-13.3,-2.2
1937,1,44,-21.5,-8
1937,2,68,-13.4,-0.1
1937,3,67,-11.3,3
1937,4,65,-7.7,7.5
1937,5,49,-1.9,13.3
1937,6,68,0.9,16.8
1938,7,61,3.8,19.9
1938,8,36,4.1,21.7
1938,9,19,0.7,16.8
1938,10,40,-3.3,9.5
1938,11,80,-10.1,1.3
1938,12,81,-13.5,-1.4
1938,1,56,-13.8,-1.7
1938,2,43,-13.2,0.9
1938,3,103,-8.9,4.4
1938,4,105,-8.1,8.3
1938,5,91,-2.5,10.7
1938,6,46,1.9,19
1939,7,50,2.4,20.4
1939,8,60,5.2,21.7
1939,9,103,1.8,16.5
1939,10,36,-4.3,11.4
1939,11,86,-13.7,-2.2
1939,12,69,-13.5,-1.5
1939,1,63,-13,-2.1
1939,2,69,-16.1,-4.7
1939,3,85,-10.4,5.1
1939,4,60,-6,8.1
1939,5,47,-2.5,14.1
1939,6,22,0.5,17.7
1940,7,20,3.4,22.2
1940,8,29,3.2,19.9
1940,9,30,2.2,17.4
1940,10,38,-5.4,9.4
1940,11,29,-10.7,4.7
1940,12,39,-10.8,1.5
1940,1,83,-15.8,-5.7
1940,2,64,-11.3,0.3
1940,3,80,-9.4,5.6
1940,4,76,-6.7,7.8
1940,5,65,-2.3,14.5
1940,6,22,1.7,20.2
1941,7,69,4.5,20.9
1941,8,39,3.3,20.7
1941,9,103,3.2,16.2
1941,10,34,-4.3,11.5
1941,11,69,-12.2,-0.4
1941,12,44,-12.2,-0.1
1941,1,57,-14.2,-1
1941,2,45,-12,1.8
1941,3,101,-11,2.1
1941,4,119,-6.9,5.7
1941,5,51,-1.6,14.6
1941,6,53,0.6,16.6
1942,7,56,2.8,20.7
1942,8,73,3.8,19.7
1942,9,50,-0.9,14.8
1942,10,74,-3.5,8.4
1942,11,62,-11.3,3.5
1942,12,61,-13.7,-0.7
1942,1,62,-17.7,-3.4
1942,2,76,-18.6,-4.3
1942,3,65,-12.2,2.2
1942,4,178,-5.6,9.5
1942,5,52,-4.2,12.2
1942,6,58,1.2,17.9
1943,7,47,3,21
1943,8,30,3.7,21
1943,9,32,-0.7,16.5
1943,10,114,-3.7,9.1
1943,11,70,-10.3,3.2
1943,12,51,-12.9,-1
1943,1,41,-14,-0.6
1943,2,51,-12.4,2.9
1943,3,87,-13.3,1.6
1943,4,53,-3.6,12.2
1943,5,117,-3.7,10
1943,6,41,0.8,18.1
1944,7,36,3.4,22
1944,8,57,5.4,20.8
1944,9,10,-1.6,18
1944,10,23,-4.4,10.3
1944,11,58,-10.6,2.7
1944,12,42,-13.1,-1.1
1944,1,51,-15.9,-1.3
1944,2,49,-13.8,-0.3
1944,3,111,-11.6,1.1
1944,4,131,-8.6,5.5
1944,5,69,-2.8,13.5
1944,6,29,0.8,18.5
1945,7,54,2.4,20.1
1945,8,20,3.5,22.1
1945,9,7,-0.7,17.7
1945,10,31,-3.9,11.2
1945,11,59,-10.2,1.4
1945,12,49,-15.6,-1.5
1945,1,61,-12.5,-1.1
1945,2,70,-12.3,0
1945,3,70,-12.1,4.4
1945,4,117,-9.1,4.2
1945,5,81,-2.1,13.9
1945,6,60,-0.2,15.3
1946,7,68,3.2,21.5
1946,8,96,4.8,20.1
1946,9,46,-1.5,15.8
1946,10,52,-3.9,10.9
1946,11,68,-10.5,1
1946,12,60,-14.5,-3.2
1946,1,47,-15.2,-0.6
1946,2,37,-13.4,1.3
1946,3,62,-7.9,7.1
1946,4,49,-4.7,11.3
1946,5,78,-4,9.1
1946,6,32,0.9,19.9
1947,7,63,4.1,21.5
1947,8,58,4.4,20.3
1947,9,33,-0.5,17.4
1947,10,71,-4.8,6.7
1947,11,118,-11.8,0.9
1947,12,28,-11,0.5
1947,1,54,-15.7,-2.5
1947,2,76,-13.4,-0.2
1947,3,93,-11.2,2.5
1947,4,73,-7.5,6.2
1947,5,84,-2.2,13.6
1947,6,98,0.1,15.8
1948,7,50,3.4,21.7
1948,8,53,6.1,21.6
1948,9,35,1.1,18.3
1948,10,86,-2.1,11.3
1948,11,77,-13.4,-2.2
1948,12,50,-13.6,-0.7
1948,1,79,-16.2,-3
1948,2,58,-14.7,-1
1948,3,95,-13.6,1
1948,4,73,-5.5,9.6
1948,5,43,-2.2,14.1
1948,6,54,2,18.2
1949,7,44,2.6,21.5
1949,8,29,3.8,21.1
1949,9,27,1.1,19.3
1949,10,37,-5.3,9.9
1949,11,78,-11.6,-1.9
1949,12,79,-14.6,-1.9
1949,1,57,-20,-5.7
1949,2,36,-14.5,-0.7
1949,3,100,-8.3,4.6
1949,4,63,-6,9.4
1949,5,83,-1.7,12.2
1949,6,120,2,17.4
1950,7,76,3.3,20.9
1950,8,35,3.1,21.1
1950,9,29,0.1,17.5
1950,10,65,-5.3,8.5
1950,11,26,-6.9,7.5
1950,12,40,-14.4,-1.9
1950,1,69,-14.8,-2
1950,2,46,-12,2.5
1950,3,55,-10.5,3
1950,4,96,-6.9,8.9
1950,5,75,-4.1,11
1950,6,23,0.6,20.1
1951,7,42,2.5,18.7
1951,8,24,1.6,20.2
1951,9,46,0.9,15.5
1951,10,21,-3.2,15.2
1951,11,99,-9.3,1
1951,12,49,-11.5,0.4
1951,1,70,-14.6,-2.8
1951,2,68,-13.5,1
1951,3,70,-12,2.3
1951,4,90,-6.8,6.2
1951,5,71,-2.4,12.7
1951,6,66,-0.6,15
1952,7,42,2.6,22.1
1952,8,84,3.5,20
1952,9,30,-1.6,17.5
1952,10,75,-4.3,7.7
1952,11,66,-13.7,0.1
1952,12,138,-13.8,-4.2
1952,1,44,-14.9,-2.9
1952,2,45,-15.4,-1.6
1952,3,106,-14.1,0.5
1952,4,79,-6.9,8
1952,5,72,-2.1,12.6
1952,6,41,1.6,20.2
1953,7,52,2.7,20.3
1953,8,67,4.4,19.2
1953,9,18,-0.3,18.8
1953,10,12,-5.7,13
1953,11,75,-14.2,-1.2
1953,12,45,-15.2,-2.6
1953,1,53,-9.8,0.8
1953,2,53,-15.2,-1
1953,3,76,-9.7,4.5
1953,4,78,-8.5,4.9
1953,5,68,-4.1,10.3
1953,6,33,1.5,19.5
1954,7,86,3.8,21
1954,8,67,3.8,19.4
1954,9,11,-0.5,18.9
1954,10,31,-4.5,11.2
1954,11,70,-8.7,4.5
1954,12,49,-15.3,-3.1
1954,1,36,-11.6,1.3
1954,2,34,-10.1,4.4
1954,3,90,-11.8,2.4
1954,4,39,-4.7,11.4
1954,5,47,-2.6,14.1
1954,6,24,0.6,19.5
1955,7,64,5.2,22.2
1955,8,45,3.4,21.1
1955,9,65,1.5,17.8
1955,10,40,-3.5,11
1955,11,62,-8.8,5.4
1955,12,49,-16.4,-1.1
1955,1,44,-16.1,-3.5
1955,2,60,-17.3,-2.8
1955,3,91,-12.9,2.8
1955,4,28,-8.6,8.3
1955,5,73,-3.2,13
1955,6,45,0,16.2
1956,7,54,2.3,21.8
1956,8,73,5.1,21.2
1956,9,25,-0.5,19.1
1956,10,39,-5.3,11.9
1956,11,103,-11.9,0.1
1956,12,60,-11.3,-0.2
1956,1,70,-12,0.4
1956,2,86,-17.8,-3.3
1956,3,58,-12.9,3.2
1956,4,86,-7,6.9
1956,5,62,-1.4,14.9
1956,6,20,1.1,20.5
1957,7,79,2.3,20.3
1957,8,54,2.3,19
1957,9,6,-1.2,19.6
1957,10,27,-5.7,11.1
1957,11,60,-13.6,-0.5
1957,12,61,-15.2,-1.3
1957,1,84,-16,-3.8
1957,2,69,-10.5,3
1957,3,78,-11.2,3.1
1957,4,156,-8.5,4.7
1957,5,144,-3.1,9.7
1957,6,57,1.2,17.2
1958,7,69,4.4,19.7
1958,8,62,4.9,20
1958,9,35,-1.9,15.6
1958,10,66,-3.5,8.9
1958,11,57,-13.2,-0.2
1958,12,44,-13.8,0.5
1958,1,40,-16.9,-1.7
1958,2,52,-9.8,3
1958,3,103,-13.4,1.8
1958,4,83,-8.3,5.7
1958,5,75,-1.9,15.1
1958,6,33,1.1,20
1959,7,30,1.3,19.5
1959,8,46,4.3,22.1
1959,9,30,-0.1,17.9
1959,10,27,-5.1,11.4
1959,11,64,-10.1,3
1959,12,72,-11.6,-0.2
1959,1,60,-14.1,-1.9
1959,2,71,-14.3,-1
1959,3,82,-12,2
1959,4,74,-7.3,6.2
1959,5,77,-2.5,12.6
1959,6,54,2,20.1
1960,7,47,1.3,20.9
1960,8,43,4.1,20.5
1960,9,100,-1.4,15.8
1960,10,81,-5,7.5
1960,11,48,-11.9,1.6
1960,12,23,-14.6,0.9
1960,1,40,-15.9,-2.9
1960,2,75,-16.6,-4.4
1960,3,96,-8.7,4.3
1960,4,61,-5.5,9.4
1960,5,80,-3.3,13
1960,6,25,0.8,19.5
1961,7,51,1.8,21.1
1961,8,19,2.5,22.3
1961,9,39,0.6,18.3
1961,10,54,-4.4,10.2
1961,11,57,-10.8,3
1961,12,60,-15.6,-1.1
1961,1,28,-18.2,-0.9
1961,2,54,-13.6,0.4
1961,3,97,-9.8,3.7
1961,4,89,-7.8,6.1
1961,5,91,-2.7,13.6
1961,6,49,0.8,19
1962,7,88,2.8,19.7
1962,8,74,4.9,20.5
1962,9,150,-1.1,11.6
1962,10,34,-4.5,10
1962,11,68,-12.9,-0.1
1962,12,53,-15.7,-4.5
1962,1,80,-19.1,-4.3
1962,2,80,-11,0.8
1962,3,55,-14.3,1.3
1962,4,80,-5.8,9.6
1962,5,55,-2.4,13.3
1962,6,56,0.2,17.3
1963,7,44,1.4,20
1963,8,20,1.7,21.3
1963,9,23,-0.8,17.4
1963,10,38,-4.4,12
1963,11,50,-9.5,4.1
1963,12,38,-12.4,0.4
1963,1,68,-17.3,-5.2
1963,2,62,-11.1,2
1963,3,75,-12.9,3.2
1963,4,41,-5.7,9.1
1963,5,30,-2.4,15.7
1963,6,89,1.1,18.4
1964,7,31,3.5,22.5
1964,8,130,5.4,19.3
1964,9,44,1.3,19
1964,10,29,-2.5,14.1
1964,11,44,-9.7,4.4
1964,12,50,-14.6,-1.7
1964,1,38,-18.2,-4.5
1964,2,51,-18.3,-4
1964,3,87,-15.3,-0.1
1964,4,78,-7.5,5.8
1964,5,47,-3.3,13.8
1964,6,47,0.3,17.4
1965,7,46,4,22.4
1965,8,46,3,19.4
1965,9,31,-1.3,17
1965,10,18,-6,11.9
1965,11,64,-10.3,1.6
1965,12,88,-14.9,-3.4
1965,1,75,-12.4,-1.5
1965,2,48,-15.3,-0.8
1965,3,97,-16.5,-1
1965,4,75,-6.1,7.8
1965,5,66,-3.3,11.5
1965,6,74,0.9,16.3
1966,7,104,3.6,19.1
1966,8,43,2.5,18.5
1966,9,62,-0.9,12.5
1966,10,19,-4.2,12
1966,11,70,-7.7,2.6
1966,12,46,-13.6,0.4
1966,1,27,-16.8,-3.3
1966,2,58,-16.3,-3
1966,3,43,-11.1,5.4
1966,4,68,-7.3,7.9
1966,5,44,-2.7,14.2
1966,6,36,0.9,17.8
1967,7,47,4.8,22
1967,8,46,3.4,20.2
1967,9,43,1,16.7
1967,10,47,-4.8,9.1
1967,11,49,-8.4,3.3
1967,12,62,-15.4,-3.3
1967,1,63,-12.9,-2.5
1967,2,74,-14.4,-1.3
1967,3,84,-8.3,6
1967,4,77,-6.3,8.5
1967,5,73,-3.3,10.8
1967,6,73,0.4,15.5
1968,7,65,4.2,20.1
1968,8,68,3.1,19.1
1968,9,58,0.1,15.6
1968,10,49,-3.8,10
1968,11,69,-10.9,1.8
1968,12,86,-16.1,-4.8
1968,1,29,-15.5,-0.9
1968,2,75,-12.3,0.2
1968,3,53,-11.9,4.4
1968,4,74,-9,4.6
1968,5,66,-3.5,10.4
1968,6,25,1.1,18.8
1969,7,38,3,19.6
1969,8,57,3.9,17.6
1969,9,30,-1.1,14.9
1969,10,39,-4.1,9.6
1969,11,95,-13.4,-2
1969,12,41,-14.7,-2.7
1969,1,70,-11,-0.1
1969,2,47,-14.5,0.1
1969,3,51,-15.5,1.1
1969,4,78,-5.4,9
1969,5,125,-1.8,14.9
1969,6,140,0.6,14.6
1970,7,36,4.4,21.2
1970,8,42,5.4,21.9
1970,9,33,1.3,16.5
1970,10,139,-6,3.3
1970,11,53,-13,0.1
1970,12,58,-13.5,-1.3
1970,1,51,-13.1,-3.3
1970,2,47,-13.4,1.6
1970,3,101,-12.3,1.3
1970,4,72,-10.1,3.6
1970,5,25,-3.5,13.4
1970,6,59,0.6,17.7
1971,7,47,3.7,20.5
1971,8,45,5.1,21.3
1971,9,70,-0.8,14.6
1971,10,68,-7,5.2
1971,11,79,-9.3,-0.1
1971,12,43,-13.6,-1.7
1971,1,57,-11,-2.6
1971,2,74,-14.2,-2.3
1971,3,72,-11.3,1.9
1971,4,128,-7.3,7
1971,5,58,-3.4,11.4
1971,6,13,1.2,18.7
1972,7,41,3,19.7
1972,8,40,4.1,20.5
1972,9,66,-1.9,13.9
1972,10,39,-5.3,8.3
1972,11,55,-10.9,0.9
1972,12,54,-15.9,-3.6
1972,1,75,-14.8,-2.7
1972,2,56,-12.5,0.5
1972,3,72,-7.3,5.9
1972,4,78,-5.1,8.5
1972,5,41,-3,13.1
1972,6,46,2.2,18.5
1973,7,33,2.4,20.2
1973,8,64,3.3,19.3
1973,9,47,0.6,14.1
1973,10,66,-3.1,8.4
1973,11,74,-12.9,-2.1
1973,12,62,-16.6,-4
1973,1,39,-17.3,-2.7
1973,2,35,-16.1,0.2
1973,3,71,-12.9,2.8
1973,4,110,-11,4.1
1973,5,112,-3.3,11.2
1973,6,28,0.4,17
1974,7,84,2.8,18.9
1974,8,34,3.8,19.7
1974,9,38,-1.1,14.8
1974,10,32,-5.4,10.5
1974,11,100,-10,1.6
1974,12,74,-14.7,-1.9
1974,1,57,-17,-4.3
1974,2,48,-17.4,-1.2
1974,3,89,-8.1,5.9
1974,4,90,-8.1,7
1974,5,14,-2.9,14.7
1974,6,59,1.8,18.9
1975,7,79,3.8,19.8
1975,8,19,1.5,19.7
1975,9,49,-1.6,15.9
1975,10,69,-3.1,10.3
1975,11,63,-11.3,1.4
1975,12,46,-16.7,-3.4
1975,1,62,-15.7,-2.8
1975,2,62,-15.4,-1.6
1975,3,85,-10.4,2.8
1975,4,91,-11.4,5.9
1975,5,78,-4.9,10.7
1975,6,39,0.6,16.2
1976,7,63,3.4,20.3
1976,8,32,3.2,18.9
1976,9,27,-1.2,16.6
1976,10,46,-5.8,11.4
1976,11,74,-12.5,1.3
1976,12,34,-12.7,-0.6
1976,1,45,-14.8,-2.1
1976,2,58,-12.5,2.6
1976,3,68,-13.2,2.7
1976,4,70,-6.2,8.6
1976,5,67,-2.7,12.7
1976,6,40,0.5,17.9
1977,7,54,4.1,20.7
1977,8,64,3.9,19
1977,9,69,0.6,15.7
1977,10,31,-6.5,8.7
1977,11,42,-11.4,2.1
1977,12,30,-17,-0.4
1977,1,28,-15.5,-2.6
1977,2,44,-11.8,1.7
1977,3,60,-12.5,2.5
1977,4,97,-4.7,9.1
1977,5,54,-2,13.3
1977,6,21,3.3,21.3
1978,7,90,4.5,20.6
1978,8,71,4.4,19.2
1978,9,25,0.7,17.4
1978,10,49,-3.3,10.9
1978,11,84,-8.9,2.3
1978,12,69,-11.3,-2
1978,1,58,-12.5,-2.4
1978,2,63,-12.7,-0.2
1978,3,75,-8,5.6
1978,4,69,-5.4,9
1978,5,114,-2.7,11.6
1978,6,26,1.4,20
1979,7,24,3.4,23.1
1979,8,22,2,21.2
1979,9,16,-0.2,18.1
1979,10,53,-5.2,11.6
1979,11,49,-10.6,2.9
1979,12,90,-17.4,-5
1979,1,86,-17.6,-6.3
1979,2,49,-12.3,0.4
1979,3,92,-9.1,4
1979,4,56,-7.2,8.2
1979,5,100,-3,11.9
1979,6,50,0.8,18.5
1980,7,34,3,21.8
1980,8,67,3.8,20.2
1980,9,14,0.1,19.4
1980,10,32,-4,12.2
1980,11,63,-13.7,-2.8
1980,12,61,-14.5,0.1
1980,1,131,-13.5,-1.5
1980,2,72,-11.4,1.4
1980,3,77,-11.4,2.3
1980,4,77,-8.4,6.8
1980,5,87,-2,11.7
1980,6,3,0.6,21
1981,7,36,4.2,22.6
1981,8,44,3.2,21.1
1981,9,36,0.9,17.8
1981,10,30,-5.7,9.9
1981,11,71,-9.8,2.6
1981,12,32,-8.4,3.7
1981,1,17,-12.6,2.5
1981,2,29,-12.4,1.5
1981,3,71,-9.2,4
1981,4,39,-4.5,11.3
1981,5,100,-1.8,11.1
1981,6,53,3.3,20.6
1982,7,69,4.5,20.9
1982,8,60,4.3,20.3
1982,9,29,1.3,18.1
1982,10,34,-3.6,7.9
1982,11,34,-7.9,3.9
1982,12,26,-11.6,-1.7
1982,1,94,-13.3,-2.6
1982,2,31,-13.7,0.1
1982,3,63,-8.6,4
1982,4,62,-8.1,6.8
1982,5,112,-2.3,11.1
1982,6,40,0.3,16.8
1983,7,56,3.6,20.8
1983,8,61,6,21.5
1983,9,79,1.6,15.4
1983,10,63,-5.1,7.3
1983,11,45,-12,0.1
1983,12,102,-13.8,-1.9
1983,1,27,-12.3,0.4
1983,2,50,-11.5,1.7
1983,3,151,-8.8,3.7
1983,4,110,-9.6,3.8
1983,5,123,-3.6,10
1983,6,61,1.1,16.9
1984,7,103,4.2,21
1984,8,85,6.5,21.7
1984,9,22,1.6,18.3
1984,10,46,-2.9,10.3
1984,11,62,-8.8,0.3
1984,12,77,-13.8,-4.9
1984,1,31,-17,-3.1
1984,2,33,-14.2,1
1984,3,76,-10.2,2.7
1984,4,116,-8.6,4.8
1984,5,57,-1.7,14.4
1984,6,87,2.1,16.9
1985,7,102,5.3,20.9
1985,8,90,5.6,20.2
1985,9,65,1,16
1985,10,46,-5,4.7
1985,11,120,-9.9,1.6
1985,12,139,-13.2,-1.1
1985,1,48,-15.5,-3.2
1985,2,55,-15.6,-2.2
1985,3,78,-9.5,4.3
1985,4,87,-4.4,9.4
1985,5,50,-1.5,13.4
1985,6,31,1.7,19.4
1986,7,73,4.8,19.8
1986,8,14,3.2,21.8
1986,9,79,0.3,13.9
1986,10,106,-3.6,9.4
1986,11,64,-10.1,-1.5
1986,12,51,-13.3,-1.3
1986,1,29,-12,2
1986,2,178,-9.1,0.6
1986,3,43,-7.2,7.7
1986,4,122,-5.1,8.1
1986,5,57,-2.8,13.1
1986,6,39,3.1,19.9
1987,7,51,3.9,19.2
1987,8,52,4.8,20.7
1987,9,53,0.7,14.3
1987,10,66,-3.5,8.9
1987,11,122,-9.4,1.9
1987,12,60,-14.7,-0.6
1987,1,51,-14.5,-1.7
1987,2,40,-11.2,2.2
1987,3,54,-10.9,4.6
1987,4,48,-6.4,10.7
1987,5,74,-0.5,12.9
1987,6,43,2.4,19.6
1988,7,60,3.7,21.6
1988,8,40,3.9,20
1988,9,28,-0.7,16.9
1988,10,78,-2.9,11.5
1988,11,64,-9.5,1.4
1988,12,26,-14.1,-3
1988,1,79,-15.8,-3.6
1988,2,60,-13.7,1.3
1988,3,91,-13.2,3.5
1988,4,69,-6.2,9.3
1988,5,57,-1.8,13.6
1988,6,41,4.1,20.5
1989,7,53,3.7,21.2
1989,8,22,4.8,21.9
1989,9,27,0.2,16.6
1989,10,36,-2.3,12.2
1989,11,61,-9.1,0.3
1989,12,89,-15.4,-2.1
1989,1,43,-14.7,-1.4
1989,2,79,-13.9,-1
1989,3,58,-7.6,7.4
1989,4,70,-5,9.5
1989,5,57,-1.6,14.4
1989,6,37,1.5,17.9
1990,7,62,4.2,22.7
1990,8,48,3.8,19.8
1990,9,28,0.4,17.6
1990,10,18,-4.7,10
1990,11,76,-10,2.1
1990,12,63,-14.6,-3
1990,1,44,-13.3,0
1990,2,47,-12.7,1.4
1990,3,125,-8.5,5.6
1990,4,89,-5.1,8.9
1990,5,71,-3.5,12.8
1990,6,14,2.2,21.7
1991,7,67,3.7,19.3
1991,8,55,3.5,20.8
1991,9,46,2.3,18.6
1991,10,44,-4.1,9.8
1991,11,45,-9.1,3.4
1991,12,67,-16.9,-3.6
1991,1,57,-15.3,-3
1991,2,33,-11.3,3.5
1991,3,103,-9.5,3.3
1991,4,79,-7.7,6.5
1991,5,72,-2,13.5
1991,6,73,2,18.2
1992,7,70,3.1,20
1992,8,78,4.2,19.9
1992,9,34,-0.2,16.3
1992,10,54,-5.2,10.5
1992,11,40,-10.6,-2
1992,12,49,-14.5,-0.2
1992,1,42,-14.3,-1.5
1992,2,37,-10.4,2.1
1992,3,97,-8.4,5.5
1992,4,59,-5.5,10.7
1992,5,73,-1.5,13.5
1992,6,52,0.8,16.2
1993,7,51,2.1,18.9
1993,8,63,2.8,19.1
1993,9,26,0.3,17.3
1993,10,29,-3.6,11.3
1993,11,101,-12.8,-3.8
1993,12,17,-15.8,-3
1993,1,64,-14.2,-2.8
1993,2,111,-14.2,-2.2
1993,3,89,-9.6,4.9
1993,4,110,-7.5,6.1
1993,5,46,-1.9,13.1
1993,6,64,0.4,17.2
1994,7,20,2.1,20.1
1994,8,37,3.9,19
1994,9,70,-1.4,15.2
1994,10,28,-5.1,7.7
1994,11,78,-13.2,-1.2
1994,12,47,-13.4,-1.4