DATE,tmin_F,tmean_F,tmax_F,tmin_C,tmean_C,tmax_C
1895-08-01,38.7,50.2,61.6,3.722222222,10.11111111,16.44444444
1895-09-01,30.4,44.1,57.7,-0.888888889,6.722222222,14.27777778
1895-10-01,21.6,32,42.5,-5.777777778,0,5.833333333
1895-11-01,9.2,19.4,29.7,-12.66666667,-7,-1.277777778
1895-12-01,4.4,13,21.6,-15.33333333,-10.55555556,-5.777777778
1896-01-01,11.2,20.6,30,-11.55555556,-6.333333333,-1.111111111
1896-02-01,2.5,14.9,27.3,-16.38888889,-9.5,-2.611111111
1896-03-01,7.7,17.8,27.9,-13.5,-7.888888889,-2.277777778
1896-04-01,18.6,29.3,40,-7.444444444,-1.5,4.444444444
1896-05-01,27.1,38.7,50.3,-2.722222222,3.722222222,10.16666667
1896-06-01,34.1,47.2,60.3,1.166666667,8.444444444,15.72222222
1896-07-01,40.4,51.4,62.4,4.666666667,10.77777778,16.88888889
1896-08-01,39.2,51,62.8,4,10.55555556,17.11111111
1896-09-01,32.6,42,51.5,0.333333333,5.555555556,10.83333333
1896-10-01,22.9,33,43.1,-5.055555556,0.555555556,6.166666667
1896-11-01,11.1,18.3,25.5,-11.61111111,-7.611111111,-3.611111111
1896-12-01,7.6,20.1,32.6,-13.55555556,-6.611111111,0.333333333
1897-01-01,2.8,13.9,24.9,-16.22222222,-10.05555556,-3.944444444
1897-02-01,2.7,12.9,23.2,-16.27777778,-10.61111111,-4.888888889
1897-03-01,9.1,18.5,28,-12.72222222,-7.5,-2.222222222
1897-04-01,15.8,27,38.1,-9,-2.777777778,3.388888889
1897-05-01,26.5,39.7,52.9,-3.055555556,4.277777778,11.61111111
1897-06-01,33.1,45.4,57.6,0.611111111,7.444444444,14.22222222
1897-07-01,37.1,48.4,59.8,2.833333333,9.111111111,15.44444444
1897-08-01,37.1,47.9,58.7,2.833333333,8.833333333,14.83333333
1897-09-01,34.5,46.3,58.2,1.388888889,7.944444444,14.55555556
1897-10-01,23.4,33.3,43.1,-4.777777778,0.722222222,6.166666667
1897-11-01,15.5,25.2,35,-9.166666667,-3.777777778,1.666666667
1897-12-01,6.2,15.3,24.4,-14.33333333,-9.277777778,-4.222222222
1898-01-01,-0.5,10.1,20.7,-18.05555556,-12.16666667,-6.277777778
1898-02-01,4.4,17.3,30.2,-15.33333333,-8.166666667,-1
1898-03-01,3.8,16.1,28.4,-15.66666667,-8.833333333,-2
1898-04-01,18.9,30.2,41.5,-7.277777778,-1,5.277777778
1898-05-01,24.1,32.3,40.5,-4.388888889,0.166666667,4.722222222
1898-06-01,34.3,45.7,57.1,1.277777778,7.611111111,13.94444444
1898-07-01,39.6,50.6,61.7,4.222222222,10.33333333,16.5
1898-08-01,38.2,51,63.8,3.444444444,10.55555556,17.66666667
1898-09-01,25.4,40.1,54.9,-3.666666667,4.5,12.72222222
1898-10-01,21.6,30.9,40.2,-5.777777778,-0.611111111,4.555555556
1898-11-01,8.8,18.5,28.1,-12.88888889,-7.5,-2.166666667
1898-12-01,2.1,12,22,-16.61111111,-11.11111111,-5.555555556
1899-01-01,4.2,12.8,21.5,-15.44444444,-10.66666667,-5.833333333
1899-02-01,-4.3,5.5,15.4,-20.16666667,-14.72222222,-9.222222222
1899-03-01,8.2,18,27.8,-13.22222222,-7.777777778,-2.333333333
1899-04-01,17.8,28.8,39.8,-7.888888889,-1.777777778,4.333333333
1899-05-01,24.9,36.2,47.5,-3.944444444,2.333333333,8.611111111
1899-06-01,33.1,45.3,57.5,0.611111111,7.388888889,14.16666667
1899-07-01,39.2,50.4,61.6,4,10.22222222,16.44444444
1899-08-01,39.8,50.8,61.8,4.333333333,10.44444444,16.55555556
1899-09-01,32.2,44.6,56.9,0.111111111,7,13.83333333
1899-10-01,22.4,31.7,40.9,-5.333333333,-0.166666667,4.944444444
1899-11-01,15.6,25.8,36,-9.111111111,-3.444444444,2.222222222
1899-12-01,7.7,17.4,27.2,-13.5,-8.111111111,-2.666666667
1900-01-01,8.6,18.7,28.7,-13,-7.388888889,-1.833333333
1900-02-01,4.2,15,25.8,-15.44444444,-9.444444444,-3.444444444
1900-03-01,12.6,24,35.3,-10.77777778,-4.444444444,1.833333333
1900-04-01,16.8,25.8,34.8,-8.444444444,-3.444444444,1.555555556
1900-05-01,26.2,37.8,49.4,-3.222222222,3.222222222,9.666666667
1900-06-01,35.1,47.9,60.7,1.722222222,8.833333333,15.94444444
1900-07-01,36.4,48.7,60.9,2.444444444,9.277777778,16.05555556
1900-08-01,33,48.4,63.8,0.555555556,9.111111111,17.66666667
1900-09-01,28.7,40.6,52.5,-1.833333333,4.777777778,11.38888889
1900-10-01,22.3,34.7,47.2,-5.388888889,1.5,8.444444444
1900-11-01,13.5,24.8,36,-10.27777778,-4,2.222222222
1900-12-01,9.4,19.3,29.3,-12.55555556,-7.055555556,-1.5
1901-01-01,8,17.4,26.8,-13.33333333,-8.111111111,-2.888888889
1901-02-01,5.3,14.9,24.5,-14.83333333,-9.5,-4.166666667
1901-03-01,8.9,19.5,30.1,-12.83333333,-6.944444444,-1.055555556
1901-04-01,14.5,25.3,36,-9.722222222,-3.722222222,2.222222222
1901-05-01,25.2,36.9,48.6,-3.777777778,2.722222222,9.222222222
1901-06-01,28.3,41.9,55.5,-2.055555556,5.5,13.05555556
1901-07-01,41,54,67,5,12.22222222,19.44444444
1901-08-01,39.6,50.9,62.2,4.222222222,10.5,16.77777778
1901-09-01,30.8,42.4,54.1,-0.666666667,5.777777778,12.27777778
1901-10-01,24.4,35.5,46.5,-4.222222222,1.944444444,8.055555556
1901-11-01,16.7,27.7,38.6,-8.5,-2.388888889,3.666666667
1901-12-01,8.4,17.5,26.7,-13.11111111,-8.055555556,-2.944444444
1902-01-01,4.9,15.2,25.4,-15.05555556,-9.333333333,-3.666666667
1902-02-01,9.1,19.5,30,-12.72222222,-6.944444444,-1.111111111
1902-03-01,7.6,18.1,28.7,-13.55555556,-7.722222222,-1.833333333
1902-04-01,17.8,28.7,39.6,-7.888888889,-1.833333333,4.222222222
1902-05-01,26.6,37.6,48.6,-3,3.111111111,9.222222222
1902-06-01,33.8,45.9,57.9,1,7.722222222,14.38888889
1902-07-01,37,48.4,59.8,2.777777778,9.111111111,15.44444444
1902-08-01,39,51,62.9,3.888888889,10.55555556,17.16666667
1902-09-01,29.5,41.6,53.7,-1.388888889,5.333333333,12.05555556
1902-10-01,22.1,33.2,44.4,-5.5,0.666666667,6.888888889
1902-11-01,14.9,23.9,32.9,-9.5,-4.5,0.5
1902-12-01,6,15.4,24.7,-14.44444444,-9.222222222,-4.055555556
1903-01-01,7.6,16.8,26,-13.55555556,-8.444444444,-3.333333333
1903-02-01,-4.9,5.7,16.4,-20.5,-14.61111111,-8.666666667
1903-03-01,9,19.7,30.3,-12.77777778,-6.833333333,-0.944444444
1903-04-01,17,27.9,38.7,-8.333333333,-2.277777778,3.722222222
1903-05-01,22.6,33.6,44.7,-5.222222222,0.888888889,7.055555556
1903-06-01,30.5,40.1,49.7,-0.833333333,4.5,9.833333333
1903-07-01,37.9,49.9,61.9,3.277777778,9.944444444,16.61111111
1903-08-01,34.4,48.5,62.6,1.333333333,9.166666667,17
1903-09-01,29.2,40.6,52.1,-1.555555556,4.777777778,11.16666667
1903-10-01,23,34.6,46.2,-5,1.444444444,7.888888889
1903-11-01,11.1,23.8,36.4,-11.61111111,-4.555555556,2.444444444
1903-12-01,8.4,19.2,30.1,-13.11111111,-7.111111111,-1.055555556
1904-01-01,3.2,13.4,23.6,-16,-10.33333333,-4.666666667
1904-02-01,9.3,21,32.6,-12.61111111,-6.111111111,0.333333333
1904-03-01,10,22.4,34.8,-12.22222222,-5.333333333,1.555555556
1904-04-01,17.9,29.4,40.9,-7.833333333,-1.444444444,4.944444444
1904-05-01,24.9,34.9,45,-3.944444444,1.611111111,7.222222222
1904-06-01,30.5,40.8,51.1,-0.833333333,4.888888889,10.61111111
1904-07-01,37.5,47.9,58.2,3.055555556,8.833333333,14.55555556
1904-08-01,37.1,48.8,60.4,2.833333333,9.333333333,15.77777778
1904-09-01,33.2,44,54.9,0.666666667,6.666666667,12.72222222
1904-10-01,22.4,33.7,45.1,-5.333333333,0.944444444,7.277777778
1904-11-01,13.8,26.6,39.5,-10.11111111,-3,4.166666667
1904-12-01,7.3,17.5,27.7,-13.72222222,-8.055555556,-2.388888889
1905-01-01,8.8,16.8,24.7,-12.88888889,-8.444444444,-4.055555556
1905-02-01,3.7,14.2,24.6,-15.72222222,-9.888888889,-4.111111111
1905-03-01,13.2,23.5,33.8,-10.44444444,-4.722222222,1
1905-04-01,16.2,25.1,34,-8.777777778,-3.833333333,1.111111111
1905-05-01,22.9,32.4,41.8,-5.055555556,0.222222222,5.444444444
1905-06-01,34.8,46.1,57.4,1.555555556,7.833333333,14.11111111
1905-07-01,36.6,47.8,59.1,2.555555556,8.777777778,15.05555556
1905-08-01,38.5,50.6,62.7,3.611111111,10.33333333,17.05555556
1905-09-01,33.7,45.3,56.9,0.944444444,7.388888889,13.83333333
1905-10-01,21,30.3,39.6,-6.111111111,-0.944444444,4.222222222
1905-11-01,15.5,25,34.4,-9.166666667,-3.888888889,1.333333333
1905-12-01,3,14.3,25.6,-16.11111111,-9.833333333,-3.555555556
1906-01-01,7.4,18.1,28.8,-13.66666667,-7.722222222,-1.777777778
1906-02-01,7.8,19.1,30.5,-13.44444444,-7.166666667,-0.833333333
1906-03-01,6.8,13.8,20.9,-14,-10.11111111,-6.166666667
1906-04-01,18.9,29.5,40.2,-7.277777778,-1.388888889,4.555555556
1906-05-01,26.2,36.8,47.3,-3.222222222,2.666666667,8.5
1906-06-01,32.5,43.2,53.9,0.277777778,6.222222222,12.16666667
1906-07-01,35.7,46.2,56.6,2.055555556,7.888888889,13.66666667
1906-08-01,36.8,48.6,60.3,2.666666667,9.222222222,15.72222222
1906-09-01,32,42.3,52.7,0,5.722222222,11.5
1906-10-01,21.5,32.1,42.7,-5.833333333,0.055555556,5.944444444
1906-11-01,13.3,21,28.8,-10.38888889,-6.111111111,-1.777777778
1906-12-01,15.3,23.2,31,-9.277777778,-4.888888889,-0.555555556
1907-01-01,10.1,18.3,26.5,-12.16666667,-7.611111111,-3.055555556
1907-02-01,15.6,26.1,36.6,-9.111111111,-3.277777778,2.555555556
1907-03-01,17.3,28,38.7,-8.166666667,-2.222222222,3.722222222
1907-04-01,18.3,27.7,37.1,-7.611111111,-2.388888889,2.833333333
1907-05-01,21.4,30.6,39.7,-5.888888889,-0.777777778,4.277777778
1907-06-01,31.7,42.6,53.5,-0.166666667,5.888888889,11.94444444
1907-07-01,39,50.2,61.4,3.888888889,10.11111111,16.33333333
1907-08-01,38.8,49.7,60.7,3.777777778,9.833333333,15.94444444
1907-09-01,31.7,43.1,54.6,-0.166666667,6.166666667,12.55555556
1907-10-01,24.2,35.5,46.8,-4.333333333,1.944444444,8.222222222
1907-11-01,12.1,22.5,33,-11.05555556,-5.277777778,0.555555556
1907-12-01,9.4,18.1,26.9,-12.55555556,-7.722222222,-2.833333333
1908-01-01,7.7,17.3,26.9,-13.5,-8.166666667,-2.833333333
1908-02-01,8.8,19.4,30,-12.88888889,-7,-1.111111111
1908-03-01,12.6,24.5,36.4,-10.77777778,-4.166666667,2.444444444
1908-04-01,19.3,31.5,43.6,-7.055555556,-0.277777778,6.444444444
1908-05-01,21.5,33,44.4,-5.833333333,0.555555556,6.888888889
1908-06-01,30.9,42.8,54.8,-0.611111111,6,12.66666667
1908-07-01,37.9,49.2,60.4,3.277777778,9.555555556,15.77777778
1908-08-01,38.9,48.6,58.3,3.833333333,9.222222222,14.61111111
1908-09-01,30.5,44.1,57.6,-0.833333333,6.722222222,14.22222222
1908-10-01,22.5,31.3,40.1,-5.277777778,-0.388888889,4.5
1908-11-01,11.4,21.4,31.3,-11.44444444,-5.888888889,-0.388888889
1908-12-01,5.3,16.2,27.1,-14.83333333,-8.777777778,-2.722222222
1909-01-01,11.4,19.9,28.4,-11.44444444,-6.722222222,-2
1909-02-01,6.2,16,25.9,-14.33333333,-8.888888889,-3.388888889
1909-03-01,11.2,20.1,29,-11.55555556,-6.611111111,-1.666666667
1909-04-01,15,24.3,33.6,-9.444444444,-4.277777778,0.888888889
1909-05-01,22.2,32.9,43.5,-5.444444444,0.5,6.388888889
1909-06-01,32.9,44.4,55.9,0.5,6.888888889,13.27777778
1909-07-01,40,51.3,62.7,4.444444444,10.72222222,17.05555556
1909-08-01,40,51.4,62.8,4.444444444,10.77777778,17.11111111
1909-09-01,31.1,42,53,-0.5,5.555555556,11.66666667
1909-10-01,25.6,36.1,46.7,-3.555555556,2.277777778,8.166666667
1909-11-01,18.9,27.5,36.2,-7.277777778,-2.5,2.333333333
1909-12-01,2.4,11.1,19.8,-16.44444444,-11.61111111,-6.777777778
1910-01-01,6.2,16.1,26,-14.33333333,-8.833333333,-3.333333333
1910-02-01,-0.2,12.4,25,-17.88888889,-10.88888889,-3.888888889
1910-03-01,16.8,30.4,44,-8.444444444,-0.888888889,6.666666667
1910-04-01,19.7,32.2,44.7,-6.833333333,0.111111111,7.055555556
1910-05-01,24.5,34.7,45,-4.166666667,1.5,7.222222222
1910-06-01,34,46.9,59.8,1.111111111,8.277777778,15.44444444
1910-07-01,39.8,52.6,65.3,4.333333333,11.44444444,18.5
1910-08-01,38.1,50.2,62.2,3.388888889,10.11111111,16.77777778
1910-09-01,34.5,45.6,56.8,1.388888889,7.555555556,13.77777778
1910-10-01,24,36.4,48.8,-4.444444444,2.444444444,9.333333333
1910-11-01,18.4,28,37.7,-7.555555556,-2.222222222,3.166666667
1910-12-01,10.4,20.4,30.5,-12,-6.444444444,-0.833333333
1911-01-01,11.9,21.3,30.6,-11.16666667,-5.944444444,-0.777777778
1911-02-01,5.3,15.3,25.3,-14.83333333,-9.277777778,-3.722222222
1911-03-01,11.8,23.8,35.9,-11.22222222,-4.555555556,2.166666667
1911-04-01,19.1,29.5,39.8,-7.166666667,-1.388888889,4.333333333
1911-05-01,26.5,37.9,49.2,-3.055555556,3.277777778,9.555555556
1911-06-01,35.5,47.8,60.1,1.944444444,8.777777778,15.61111111
1911-07-01,38.4,48.7,58.9,3.555555556,9.277777778,14.94444444
1911-08-01,37,49.1,61.3,2.777777778,9.5,16.27777778
1911-09-01,35.1,46.5,57.9,1.722222222,8.055555556,14.38888889
1911-10-01,21.5,30.8,40.1,-5.833333333,-0.666666667,4.5
1911-11-01,9.1,19.3,29.6,-12.72222222,-7.055555556,-1.333333333
1911-12-01,-0.3,10.2,20.7,-17.94444444,-12.11111111,-6.277777778
1912-01-01,6.3,15.5,24.8,-14.27777778,-9.166666667,-4
1912-02-01,4.1,13.6,23.2,-15.5,-10.22222222,-4.888888889
1912-03-01,3.6,14.9,26.2,-15.77777778,-9.5,-3.222222222
1912-04-01,15.7,26.1,36.6,-9.055555556,-3.277777778,2.555555556
1912-05-01,23.5,34.9,46.2,-4.722222222,1.611111111,7.888888889
1912-06-01,29.8,41.5,53.3,-1.222222222,5.277777778,11.83333333
1912-07-01,38.6,48.7,58.8,3.666666667,9.277777778,14.88888889
1912-08-01,37.9,49.1,60.2,3.277777778,9.5,15.66666667
1912-09-01,26.9,36.4,45.9,-2.833333333,2.444444444,7.722222222
1912-10-01,23.6,32.9,42.1,-4.666666667,0.5,5.611111111
1912-11-01,14.5,25,35.4,-9.722222222,-3.888888889,1.888888889
1912-12-01,4.7,14.2,23.7,-15.16666667,-9.888888889,-4.611111111
1913-01-01,3.2,12.4,21.5,-16,-10.88888889,-5.833333333
1913-02-01,-3.8,8,19.7,-19.88888889,-13.33333333,-6.833333333
1913-03-01,5.1,16.4,27.8,-14.94444444,-8.666666667,-2.333333333
1913-04-01,17,28.6,40.1,-8.333333333,-1.888888889,4.5
1913-05-01,26.6,37.8,49.1,-3,3.222222222,9.5
1913-06-01,33,44.8,56.6,0.555555556,7.111111111,13.66666667
1913-07-01,39.4,50.2,61.1,4.111111111,10.11111111,16.16666667
1913-08-01,39.7,52.1,64.4,4.277777778,11.16666667,18
1913-09-01,28.3,39.3,50.3,-2.055555556,4.055555556,10.16666667
1913-10-01,15.6,27,38.5,-9.111111111,-2.777777778,3.611111111
1913-11-01,18.4,27.9,37.5,-7.555555556,-2.277777778,3.055555556
1913-12-01,1.2,12,22.7,-17.11111111,-11.11111111,-5.166666667
1914-01-01,8.4,17.1,25.8,-13.11111111,-8.277777778,-3.444444444
1914-02-01,3.3,13.5,23.7,-15.94444444,-10.27777778,-4.611111111
1914-03-01,7.6,20.1,32.6,-13.55555556,-6.611111111,0.333333333
1914-04-01,15,26.1,37.1,-9.444444444,-3.277777778,2.833333333
1914-05-01,23.9,35.3,46.6,-4.5,1.833333333,8.111111111
1914-06-01,31.6,45.1,58.7,-0.222222222,7.277777778,14.83333333
1914-07-01,38.7,49.8,60.8,3.722222222,9.888888889,16
1914-08-01,35.1,47.8,60.4,1.722222222,8.777777778,15.77777778
1914-09-01,29.4,42.9,56.4,-1.444444444,6.055555556,13.55555556
1914-10-01,21.9,33.2,44.5,-5.611111111,0.666666667,6.944444444
1914-11-01,15,27.8,40.5,-9.444444444,-2.333333333,4.722222222
1914-12-01,-1,8.4,17.9,-18.33333333,-13.11111111,-7.833333333
1915-01-01,0.6,11.3,22,-17.44444444,-11.5,-5.555555556
1915-02-01,3.5,14,24.5,-15.83333333,-10,-4.166666667
1915-03-01,3.1,14.1,25.1,-16.05555556,-9.944444444,-3.833333333
1915-04-01,22.2,31.7,41.2,-5.444444444,-0.166666667,5.111111111
1915-05-01,21.4,32,42.7,-5.888888889,0,5.944444444
1915-06-01,28.3,40.1,51.8,-2.055555556,4.5,11
1915-07-01,34.6,47.1,59.6,1.444444444,8.388888889,15.33333333
1915-08-01,33.6,45.5,57.3,0.888888889,7.5,14.05555556
1915-09-01,29.4,41,52.7,-1.444444444,5,11.5
1915-10-01,24.9,35.8,46.7,-3.944444444,2.111111111,8.166666667
1915-11-01,14.1,24.6,35.1,-9.944444444,-4.111111111,1.722222222
1915-12-01,5.9,16.3,26.7,-14.5,-8.722222222,-2.944444444
1916-01-01,-1.3,8.4,18.1,-18.5,-13.11111111,-7.722222222
1916-02-01,6.6,18.1,29.6,-14.11111111,-7.722222222,-1.333333333
1916-03-01,14.6,25.9,37.1,-9.666666667,-3.388888889,2.833333333
1916-04-01,15.3,27,38.6,-9.277777778,-2.777777778,3.666666667
1916-05-01,20.8,33.4,45.9,-6.222222222,0.777777778,7.722222222
1916-06-01,28.3,42.7,57.1,-2.055555556,5.944444444,13.94444444
1916-07-01,37.9,51.1,64.3,3.277777778,10.61111111,17.94444444
1916-08-01,35.7,46.7,57.7,2.055555556,8.166666667,14.27777778
1916-09-01,28.1,40.4,52.6,-2.166666667,4.666666667,11.44444444
1916-10-01,20.3,29.8,39.2,-6.5,-1.222222222,4
1916-11-01,9.2,19.2,29.3,-12.66666667,-7.111111111,-1.5
1916-12-01,0,8.4,16.8,-17.77777778,-13.11111111,-8.444444444
1917-01-01,2.9,10.4,17.8,-16.16666667,-12,-7.888888889
1917-02-01,6,14.6,23.1,-14.44444444,-9.666666667,-4.944444444
1917-03-01,3.1,13.9,24.7,-16.05555556,-10.05555556,-4.055555556
1917-04-01,13.8,23.8,33.9,-10.11111111,-4.555555556,1.055555556
1917-05-01,19,28.2,37.4,-7.222222222,-2.111111111,3
1917-06-01,28,42,56.1,-2.222222222,5.555555556,13.38888889
1917-07-01,38.6,50.9,63.2,3.666666667,10.5,17.33333333
1917-08-01,35.5,46.8,58.2,1.944444444,8.222222222,14.55555556
1917-09-01,31.3,43.3,55.4,-0.388888889,6.277777778,13
1917-10-01,20.7,31.4,42.1,-6.277777778,-0.333333333,5.611111111
1917-11-01,17.7,27.1,36.5,-7.944444444,-2.722222222,2.5
1917-12-01,15.4,21.5,27.6,-9.222222222,-5.833333333,-2.444444444
1918-01-01,2.4,9.9,17.3,-16.44444444,-12.27777778,-8.166666667
1918-02-01,8.6,19.2,29.8,-13,-7.111111111,-1.222222222
1918-03-01,14.7,25.9,37.2,-9.611111111,-3.388888889,2.888888889
1918-04-01,13.8,23,32.3,-10.11111111,-5,0.166666667
1918-05-01,24.6,35.9,47.1,-4.111111111,2.166666667,8.388888889
1918-06-01,34.6,47.6,60.7,1.444444444,8.666666667,15.94444444
1918-07-01,37.6,49.1,60.5,3.111111111,9.5,15.83333333
1918-08-01,38.5,50,61.5,3.611111111,10,16.38888889
1918-09-01,31,40.7,50.5,-0.555555556,4.833333333,10.27777778
1918-10-01,26.5,35.1,43.7,-3.055555556,1.722222222,6.5
1918-11-01,10,20.1,30.2,-12.22222222,-6.611111111,-1
1918-12-01,6.7,15.9,25,-14.05555556,-8.944444444,-3.888888889
1919-01-01,5.9,17.7,29.5,-14.5,-7.944444444,-1.388888889
1919-02-01,6.3,14.7,23.1,-14.27777778,-9.611111111,-4.944444444
1919-03-01,10.7,21.3,31.9,-11.83333333,-5.944444444,-0.055555556
1919-04-01,17.9,29,40.1,-7.833333333,-1.666666667,4.5
1919-05-01,25.9,38,50,-3.388888889,3.333333333,10
1919-06-01,33,46.4,59.8,0.555555556,8,15.44444444
1919-07-01,41.7,53.6,65.5,5.388888889,12,18.61111111
1919-08-01,38.2,51,63.9,3.444444444,10.55555556,17.72222222
1919-09-01,35.8,45.8,55.8,2.111111111,7.666666667,13.22222222
1919-10-01,21.5,29.4,37.3,-5.833333333,-1.444444444,2.944444444
1919-11-01,12,21.6,31.2,-11.11111111,-5.777777778,-0.444444444
1919-12-01,9.7,18.3,26.9,-12.38888889,-7.611111111,-2.833333333
1920-01-01,12,21.1,30.2,-11.11111111,-6.055555556,-1
1920-02-01,8.9,17.7,26.5,-12.83333333,-7.944444444,-3.055555556
1920-03-01,8.4,19.2,29.9,-13.11111111,-7.111111111,-1.166666667
1920-04-01,11.3,19.7,28.1,-11.5,-6.833333333,-2.166666667
1920-05-01,26.1,36,45.9,-3.277777778,2.222222222,7.722222222
1920-06-01,29.7,42.3,55,-1.277777778,5.722222222,12.77777778
1920-07-01,31.8,46.7,61.7,-0.111111111,8.166666667,16.5
1920-08-01,33.2,45.2,57.1,0.666666667,7.333333333,13.94444444
1920-09-01,24.4,38.2,52,-4.222222222,3.444444444,11.11111111
1920-10-01,17.2,30,42.8,-8.222222222,-1.111111111,6
1920-11-01,5.5,16.8,28.2,-14.72222222,-8.444444444,-2.111111111
1920-12-01,4.4,13.8,23.3,-15.33333333,-10.11111111,-4.833333333
1921-01-01,6.8,17.9,29,-14,-7.833333333,-1.666666667
1921-02-01,8.8,18.1,27.3,-12.88888889,-7.722222222,-2.611111111
1921-03-01,12.6,24.5,36.3,-10.77777778,-4.166666667,2.388888889
1921-04-01,11.9,23.3,34.7,-11.16666667,-4.833333333,1.5
1921-05-01,23.1,34.9,46.7,-4.944444444,1.611111111,8.166666667
1921-06-01,34.9,45.6,56.2,1.611111111,7.555555556,13.44444444
1921-07-01,40,51,62,4.444444444,10.55555556,16.66666667
1921-08-01,39.4,49.4,59.4,4.111111111,9.666666667,15.22222222
1921-09-01,31.8,44.2,56.7,-0.111111111,6.777777778,13.72222222
1921-10-01,28.1,38.5,48.9,-2.166666667,3.611111111,9.388888889
1921-11-01,14.1,25.3,36.5,-9.944444444,-3.722222222,2.5
1921-12-01,9.4,20,30.6,-12.55555556,-6.666666667,-0.777777778
1922-01-01,-2.5,8.7,19.9,-19.16666667,-12.94444444,-6.722222222
1922-02-01,1.7,12.1,22.5,-16.83333333,-11.05555556,-5.277777778
1922-03-01,6.2,18.7,31.2,-14.33333333,-7.388888889,-0.444444444
1922-04-01,12.6,23.9,35.2,-10.77777778,-4.5,1.777777778
1922-05-01,22.2,34.8,47.4,-5.444444444,1.555555556,8.555555556
1922-06-01,31.3,46.6,61.8,-0.388888889,8.111111111,16.55555556
1922-07-01,34.4,48.5,62.6,1.333333333,9.166666667,17
1922-08-01,37.7,50.5,63.4,3.166666667,10.27777778,17.44444444
1922-09-01,29.1,43.3,57.4,-1.611111111,6.277777778,14.11111111
1922-10-01,19.1,32.9,46.7,-7.166666667,0.5,8.166666667
1922-11-01,7.4,18.8,30.2,-13.66666667,-7.333333333,-1
1922-12-01,8,17.1,26.2,-13.33333333,-8.277777778,-3.222222222
1923-01-01,8.1,18.2,28.3,-13.27777778,-7.666666667,-2.055555556
1923-02-01,-2.1,10,22.2,-18.94444444,-12.22222222,-5.444444444
1923-03-01,0.5,13.7,26.8,-17.5,-10.16666667,-2.888888889
1923-04-01,12.6,24.8,37,-10.77777778,-4,2.777777778
1923-05-01,22.2,33.7,45.2,-5.444444444,0.944444444,7.333333333
1923-06-01,28.4,41.3,54.1,-2,5.166666667,12.27777778
1923-07-01,36.4,49.3,62.1,2.444444444,9.611111111,16.72222222
1923-08-01,34.5,45.8,57,1.388888889,7.666666667,13.88888889
1923-09-01,27,39.7,52.4,-2.777777778,4.277777778,11.33333333
1923-10-01,16.7,25.2,33.7,-8.5,-3.777777778,0.944444444
1923-11-01,10.1,22.8,35.6,-12.16666667,-5.111111111,2
1923-12-01,3.8,15,26.1,-15.66666667,-9.444444444,-3.277777778
1924-01-01,-0.3,10.1,20.5,-17.94444444,-12.16666667,-6.388888889
1924-02-01,6.9,19,31.1,-13.94444444,-7.222222222,-0.5
1924-03-01,-1.7,9.8,21.3,-18.72222222,-12.33333333,-5.944444444
1924-04-01,12.8,25,37.3,-10.66666667,-3.888888889,2.944444444
1924-05-01,20.2,31.6,43.1,-6.555555556,-0.222222222,6.166666667
1924-06-01,28.2,43.7,59.1,-2.111111111,6.5,15.05555556
1924-07-01,32.8,48.2,63.6,0.444444444,9,17.55555556
1924-08-01,33.9,50,66.1,1.055555556,10,18.94444444
1924-09-01,26.7,40.6,54.6,-2.944444444,4.777777778,12.55555556
1924-10-01,23,34.2,45.4,-5,1.222222222,7.444444444
1924-11-01,11.7,24.2,36.8,-11.27777778,-4.333333333,2.666666667
1924-12-01,-0.2,11.3,22.8,-17.88888889,-11.5,-5.111111111
1925-01-01,0.3,11,21.6,-17.61111111,-11.66666667,-5.777777778
1925-02-01,8.5,20.2,32,-13.05555556,-6.555555556,0
1925-03-01,10,23.9,37.8,-12.22222222,-4.5,3.222222222
1925-04-01,16.2,29.9,43.7,-8.777777778,-1.166666667,6.5
1925-05-01,23.6,36.6,49.5,-4.666666667,2.555555556,9.722222222
1925-06-01,30.3,44.5,58.7,-0.944444444,6.944444444,14.83333333
1925-07-01,37,49.9,62.8,2.777777778,9.944444444,17.11111111
1925-08-01,34.5,45.9,57.2,1.388888889,7.722222222,14
1925-09-01,29.5,42.2,54.9,-1.388888889,5.666666667,12.72222222
1925-10-01,18.6,26,33.3,-7.444444444,-3.333333333,0.722222222
1925-11-01,11.2,21.8,32.4,-11.55555556,-5.666666667,0.222222222
1925-12-01,3.2,14.9,26.5,-16,-9.5,-3.055555556
1926-01-01,2.7,12.3,21.8,-16.27777778,-10.94444444,-5.666666667
1926-02-01,8.7,19.3,30,-12.94444444,-7.055555556,-1.111111111
1926-03-01,4.6,17.6,30.6,-15.22222222,-8,-0.777777778
1926-04-01,14.9,26.2,37.4,-9.5,-3.222222222,3
1926-05-01,24.1,35.4,46.7,-4.388888889,1.888888889,8.166666667
1926-06-01,30,43.3,56.6,-1.111111111,6.277777778,13.66666667
1926-07-01,34.3,47,59.7,1.277777778,8.333333333,15.38888889
1926-08-01,33.6,47.9,62.1,0.888888889,8.833333333,16.72222222
1926-09-01,25.6,40.1,54.6,-3.555555556,4.5,12.55555556
1926-10-01,20.8,34.9,49,-6.222222222,1.611111111,9.444444444
1926-11-01,13.3,23,32.8,-10.38888889,-5,0.444444444
1926-12-01,2.7,12.9,23.2,-16.27777778,-10.61111111,-4.888888889
1927-01-01,4.6,16.2,27.8,-15.22222222,-8.777777778,-2.333333333
1927-02-01,5.1,16.1,27.2,-14.94444444,-8.833333333,-2.666666667
1927-03-01,5.7,17,28.2,-14.61111111,-8.333333333,-2.111111111
1927-04-01,14.6,26.3,38.1,-9.666666667,-3.166666667,3.388888889
1927-05-01,22.1,36.5,50.9,-5.5,2.5,10.5
1927-06-01,30.3,43,55.7,-0.944444444,6.111111111,13.16666667
1927-07-01,34.2,48.2,62.2,1.222222222,9,16.77777778
1927-08-01,32.4,44.1,55.7,0.222222222,6.722222222,13.16666667
1927-09-01,28.3,40.2,52.1,-2.055555556,4.555555556,11.16666667
1927-10-01,21.1,35,48.8,-6.055555556,1.666666667,9.333333333
1927-11-01,17.1,26.5,35.8,-8.277777778,-3.055555556,2.111111111
1927-12-01,-3,8,19.1,-19.44444444,-13.33333333,-7.166666667
1928-01-01,8,17.5,26.9,-13.33333333,-8.055555556,-2.833333333
1928-02-01,0.6,13.5,26.4,-17.44444444,-10.27777778,-3.111111111
1928-03-01,8.2,20.8,33.4,-13.22222222,-6.222222222,0.777777778
1928-04-01,11.3,25.1,38.9,-11.5,-3.833333333,3.833333333
1928-05-01,24,35.2,46.3,-4.444444444,1.777777778,7.944444444
1928-06-01,26.9,38.4,49.8,-2.833333333,3.555555556,9.888888889
1928-07-01,33.4,47.6,61.7,0.777777778,8.666666667,16.5
1928-08-01,31.5,45.4,59.4,-0.277777778,7.444444444,15.22222222
1928-09-01,26.8,40,53.2,-2.888888889,4.444444444,11.77777778
1928-10-01,21,31.1,41.1,-6.111111111,-0.5,5.055555556
1928-11-01,9.3,19.8,30.4,-12.61111111,-6.777777778,-0.888888889
1928-12-01,2.2,12.8,23.3,-16.55555556,-10.66666667,-4.833333333
1929-01-01,-0.2,10,20.1,-17.88888889,-12.22222222,-6.611111111
1929-02-01,-7.2,5.2,17.6,-21.77777778,-14.88888889,-8
1929-03-01,7.5,18.7,29.8,-13.61111111,-7.388888889,-1.222222222
1929-04-01,14.1,24.9,35.7,-9.944444444,-3.944444444,2.055555556
1929-05-01,20.9,32.9,45,-6.166666667,0.5,7.222222222
1929-06-01,27.8,43.1,58.4,-2.333333333,6.166666667,14.66666667
1929-07-01,36.6,49.9,63.1,2.555555556,9.944444444,17.27777778
1929-08-01,37.8,49,60.2,3.222222222,9.444444444,15.66666667
1929-09-01,28.6,38.8,49.1,-1.888888889,3.777777778,9.5
1929-10-01,22.6,32.8,43.1,-5.222222222,0.444444444,6.166666667
1929-11-01,2.3,13.5,24.7,-16.5,-10.27777778,-4.055555556
1929-12-01,8.6,18.8,29,-13,-7.333333333,-1.666666667
1930-01-01,-9.4,1.9,13.3,-23,-16.72222222,-10.38888889
1930-02-01,10.8,20.9,30.9,-11.77777778,-6.166666667,-0.611111111
1930-03-01,4.5,16.3,28.2,-15.27777778,-8.722222222,-2.111111111
1930-04-01,19.2,32.6,46.1,-7.111111111,0.333333333,7.833333333
1930-05-01,20.7,32.4,44.2,-6.277777778,0.222222222,6.777777778
1930-06-01,28.6,43.9,59.2,-1.888888889,6.611111111,15.11111111
1930-07-01,37.7,49.8,61.8,3.166666667,9.888888889,16.55555556
1930-08-01,36.6,47.5,58.5,2.555555556,8.611111111,14.72222222
1930-09-01,28,41,54,-2.222222222,5,12.22222222
1930-10-01,19.9,31.3,42.7,-6.722222222,-0.388888889,5.944444444
1930-11-01,9.7,21.3,32.8,-12.38888889,-5.944444444,0.444444444
1930-12-01,3.2,13.9,24.5,-16,-10.05555556,-4.166666667
1931-01-01,5.5,15.4,25.3,-14.72222222,-9.222222222,-3.722222222
1931-02-01,6.2,17.3,28.5,-14.33333333,-8.166666667,-1.944444444
1931-03-01,3.5,15.7,28,-15.83333333,-9.055555556,-2.222222222
1931-04-01,13.2,26,38.8,-10.44444444,-3.333333333,3.777777778
1931-05-01,19.1,32.1,45.2,-7.166666667,0.055555556,7.333333333
1931-06-01,30.3,44.9,59.4,-0.944444444,7.166666667,15.22222222
1931-07-01,36.4,50.6,64.8,2.444444444,10.33333333,18.22222222
1931-08-01,34,47.5,61,1.111111111,8.611111111,16.11111111
1931-09-01,31.9,45,58.1,-0.055555556,7.222222222,14.5
1931-10-01,22,34,45.9,-5.555555556,1.111111111,7.722222222
1931-11-01,7.4,19.1,30.8,-13.66666667,-7.166666667,-0.666666667
1931-12-01,5.7,15.8,25.9,-14.61111111,-9,-3.388888889
1932-01-01,-1.4,8.2,17.9,-18.55555556,-13.22222222,-7.833333333
1932-02-01,7.6,18.1,28.6,-13.55555556,-7.722222222,-1.888888889
1932-03-01,1,12.2,23.4,-17.22222222,-11,-4.777777778
1932-04-01,14.9,28.1,41.3,-9.5,-2.166666667,5.166666667
1932-05-01,22.3,35.5,48.7,-5.388888889,1.944444444,9.277777778
1932-06-01,28.6,41.5,54.4,-1.888888889,5.277777778,12.44444444
1932-07-01,36.6,50.4,64.2,2.555555556,10.22222222,17.88888889
1932-08-01,35.3,48.8,62.3,1.833333333,9.333333333,16.83333333
1932-09-01,27.3,41.5,55.7,-2.611111111,5.277777778,13.16666667
1932-10-01,17.6,29.8,41.9,-8,-1.222222222,5.5
1932-11-01,12.7,23.1,33.5,-10.72222222,-4.944444444,0.833333333
1932-12-01,-3.4,6.3,16.1,-19.66666667,-14.27777778,-8.833333333
1933-01-01,4.2,13.5,22.8,-15.44444444,-10.27777778,-5.111111111
1933-02-01,-5.2,6.8,18.8,-20.66666667,-14,-7.333333333
1933-03-01,8.6,20.3,32,-13,-6.5,0
1933-04-01,10.7,23.3,36,-11.83333333,-4.833333333,2.222222222
1933-05-01,20.2,31.6,43,-6.555555556,-0.222222222,6.111111111
1933-06-01,33.8,47.5,61.3,1,8.611111111,16.27777778
1933-07-01,37.9,51.5,65.2,3.277777778,10.83333333,18.44444444
1933-08-01,34.2,46.3,58.4,1.222222222,7.944444444,14.66666667
1933-09-01,31.9,45,58.1,-0.055555556,7.222222222,14.5
1933-10-01,23.3,36.8,50.3,-4.833333333,2.666666667,10.16666667
1933-11-01,14.4,25.5,36.6,-9.777777778,-3.611111111,2.555555556
1933-12-01,14.5,23.3,32.1,-9.722222222,-4.833333333,0.055555556
1934-01-01,8,17.6,27.2,-13.33333333,-8,-2.666666667
1934-02-01,7.5,18.7,29.8,-13.61111111,-7.388888889,-1.222222222
1934-03-01,11.8,23.6,35.4,-11.22222222,-4.666666667,1.888888889
1934-04-01,16.6,29.4,42.2,-8.555555556,-1.444444444,5.666666667
1934-05-01,28.4,42,55.5,-2,5.555555556,13.05555556
1934-06-01,30.6,45.5,60.3,-0.777777778,7.5,15.72222222
1934-07-01,38.7,53.2,67.7,3.722222222,11.77777778,19.83333333
1934-08-01,36.6,50.3,64,2.555555556,10.16666667,17.77777778
1934-09-01,25.3,39.5,53.6,-3.722222222,4.166666667,12
1934-10-01,24.1,37.2,50.4,-4.388888889,2.888888889,10.22222222
1934-11-01,13.3,23.8,34.3,-10.38888889,-4.555555556,1.277777778
1934-12-01,6.6,16,25.5,-14.11111111,-8.888888889,-3.611111111
1935-01-01,7,18.1,29.2,-13.88888889,-7.722222222,-1.555555556
1935-02-01,5.2,17.7,30.2,-14.88888889,-7.944444444,-1
1935-03-01,8.7,20.6,32.6,-12.94444444,-6.333333333,0.333333333
1935-04-01,14.1,25.4,36.6,-9.944444444,-3.666666667,2.555555556
1935-05-01,20.3,28.8,37.3,-6.5,-1.777777778,2.944444444
1935-06-01,28.6,42.7,56.7,-1.888888889,5.944444444,13.72222222
1935-07-01,37,50.6,64.2,2.777777778,10.33333333,17.88888889
1935-08-01,38,50.3,62.7,3.333333333,10.16666667,17.05555556
1935-09-01,29.5,41.9,54.3,-1.388888889,5.5,12.38888889
1935-10-01,19.8,31.3,42.7,-6.777777778,-0.388888889,5.944444444
1935-11-01,10.8,20,29.1,-11.77777778,-6.666666667,-1.611111111
1935-12-01,5.8,16.2,26.6,-14.55555556,-8.777777778,-3
1936-01-01,2.7,11.4,20.1,-16.27777778,-11.44444444,-6.611111111
1936-02-01,-1.1,9.6,20.4,-18.38888889,-12.44444444,-6.444444444
1936-03-01,8,19.6,31.1,-13.33333333,-6.888888889,-0.5
1936-04-01,15.5,27.7,39.8,-9.166666667,-2.388888889,4.333333333
1936-05-01,24.7,37.3,49.9,-4.055555556,2.944444444,9.944444444
1936-06-01,33.5,45.8,58.2,0.833333333,7.666666667,14.55555556
1936-07-01,39.5,53.4,67.4,4.166666667,11.88888889,19.66666667
1936-08-01,37.1,49.2,61.2,2.833333333,9.555555556,16.22222222
1936-09-01,28.9,42.2,55.5,-1.722222222,5.666666667,13.05555556
1936-10-01,19.9,30.1,40.3,-6.722222222,-1.055555556,4.611111111
1936-11-01,11.4,22.5,33.7,-11.44444444,-5.277777778,0.944444444
1936-12-01,7.5,16.5,25.6,-13.61111111,-8.611111111,-3.555555556
1937-01-01,-8.3,1.8,11.9,-22.38888889,-16.77777778,-11.16666667
1937-02-01,2.3,13,23.7,-16.5,-10.55555556,-4.611111111
1937-03-01,5.8,16.9,28.1,-14.55555556,-8.388888889,-2.166666667
1937-04-01,13.7,26,38.4,-10.16666667,-3.333333333,3.555555556
1937-05-01,24.5,36.8,49,-4.166666667,2.666666667,9.444444444
1937-06-01,29.7,41.5,53.2,-1.277777778,5.277777778,11.77777778
1937-07-01,37.3,49.9,62.5,2.944444444,9.944444444,16.94444444
1937-08-01,37.9,51.7,65.6,3.277777778,10.94444444,18.66666667
1937-09-01,31.1,44,56.9,-0.5,6.666666667,13.83333333
1937-10-01,23.5,34.3,45.1,-4.722222222,1.277777778,7.277777778
1937-11-01,11.9,21,30.1,-11.16666667,-6.111111111,-1.055555556
1937-12-01,6.5,15.4,24.4,-14.16666667,-9.222222222,-4.222222222
1938-01-01,4.6,13.6,22.6,-15.22222222,-10.22222222,-5.222222222
1938-02-01,5.5,15.5,25.5,-14.72222222,-9.166666667,-3.611111111
1938-03-01,10.5,20.5,30.5,-11.94444444,-6.388888889,-0.833333333
1938-04-01,14.3,26.8,39.3,-9.833333333,-2.888888889,4.055555556
1938-05-01,22.4,33.1,43.8,-5.333333333,0.611111111,6.555555556
1938-06-01,31.2,43.9,56.6,-0.444444444,6.611111111,13.66666667
1938-07-01,34.9,48.4,61.9,1.611111111,9.111111111,16.61111111
1938-08-01,37.5,50.9,64.3,3.055555556,10.5,17.94444444
1938-09-01,32,43.4,54.8,0,6.333333333,12.66666667
1938-10-01,23.8,35.5,47.2,-4.555555556,1.944444444,8.444444444
1938-11-01,6.4,16.8,27.1,-14.22222222,-8.444444444,-2.722222222
1938-12-01,5.5,14.3,23.1,-14.72222222,-9.833333333,-4.944444444
1939-01-01,5.3,13.3,21.2,-14.83333333,-10.38888889,-6
1939-02-01,-4.5,5.3,15.2,-20.27777778,-14.83333333,-9.333333333
1939-03-01,8.1,19.1,30.1,-13.27777778,-7.166666667,-1.055555556
1939-04-01,16.1,27.9,39.8,-8.833333333,-2.277777778,4.333333333
1939-05-01,24.5,38,51.4,-4.166666667,3.333333333,10.77777778
1939-06-01,28.5,43.2,57.8,-1.944444444,6.222222222,14.33333333
1939-07-01,36.2,51.5,66.8,2.333333333,10.83333333,19.33333333
1939-08-01,34.3,48.3,62.4,1.277777778,9.055555556,16.88888889
1939-09-01,32.2,44.7,57.3,0.111111111,7.055555556,14.05555556
1939-10-01,20.8,33.2,45.5,-6.222222222,0.666666667,7.5
1939-11-01,11.6,24.4,37.3,-11.33333333,-4.222222222,2.944444444
1939-12-01,10.6,21.2,31.7,-11.88888889,-6,-0.166666667
1940-01-01,0.4,8.9,17.3,-17.55555556,-12.83333333,-8.166666667
1940-02-01,6.6,15.2,23.8,-14.11111111,-9.333333333,-4.555555556
1940-03-01,11.9,22.6,33.2,-11.16666667,-5.222222222,0.666666667
1940-04-01,16.3,28,39.6,-8.722222222,-2.222222222,4.222222222
1940-05-01,24.5,37.1,49.8,-4.166666667,2.833333333,9.888888889
1940-06-01,32.2,46.9,61.5,0.111111111,8.277777778,16.38888889
1940-07-01,38.6,51.8,65.1,3.666666667,11,18.38888889
1940-08-01,35.5,49.2,62.9,1.944444444,9.555555556,17.16666667
1940-09-01,33.7,44.1,54.5,0.944444444,6.722222222,12.5
1940-10-01,23.7,35.8,47.9,-4.611111111,2.111111111,8.833333333
1940-11-01,8.9,18.8,28.7,-12.83333333,-7.333333333,-1.833333333
1940-12-01,8.2,17.9,27.7,-13.22222222,-7.833333333,-2.388888889
1941-01-01,4.7,15.2,25.6,-15.16666667,-9.333333333,-3.555555556
1941-02-01,7.2,18.3,29.4,-13.77777778,-7.611111111,-1.444444444
1941-03-01,6.7,17.3,27.9,-14.05555556,-8.166666667,-2.277777778
1941-04-01,14.8,25,35.3,-9.555555556,-3.888888889,1.833333333
1941-05-01,25.2,37.4,49.6,-3.777777778,3,9.777777778
1941-06-01,28.9,41.4,53.8,-1.722222222,5.222222222,12.11111111
1941-07-01,35.5,48.8,62.2,1.944444444,9.333333333,16.77777778
1941-08-01,35.1,47.9,60.8,1.722222222,8.833333333,16
1941-09-01,27.7,39.9,52.1,-2.388888889,4.388888889,11.16666667
1941-10-01,21.3,31.2,41.1,-5.944444444,-0.444444444,5.055555556
1941-11-01,11.9,23.3,34.7,-11.16666667,-4.833333333,1.5
1941-12-01,6.2,18.3,30.3,-14.33333333,-7.611111111,-0.944444444
1942-01-01,-1.7,10.6,22.9,-18.72222222,-11.88888889,-5.055555556
1942-02-01,-6.4,5.3,17,-21.33333333,-14.83333333,-8.333333333
1942-03-01,3.5,15.5,27.6,-15.83333333,-9.166666667,-2.444444444
1942-04-01,18.3,29.9,41.5,-7.611111111,-1.166666667,5.277777778
1942-05-01,20.7,33.5,46.3,-6.277777778,0.833333333,7.944444444
1942-06-01,30.1,42.6,55.2,-1.055555556,5.888888889,12.88888889
1942-07-01,36.6,50.3,64,2.555555556,10.16666667,17.77777778
1942-08-01,36,49.1,62.2,2.222222222,9.5,16.77777778
1942-09-01,26.9,40.4,53.9,-2.833333333,4.666666667,12.16666667
1942-10-01,20.4,32,43.6,-6.444444444,0,6.444444444
1942-11-01,11.5,23.5,35.5,-11.38888889,-4.722222222,1.944444444
1942-12-01,5.3,16.1,27,-14.83333333,-8.833333333,-2.777777778
1943-01-01,2.2,13,23.9,-16.55555556,-10.55555556,-4.5
1943-02-01,5.5,18.4,31.3,-14.72222222,-7.555555556,-0.388888889
1943-03-01,2.6,14.8,26.9,-16.33333333,-9.555555556,-2.833333333
1943-04-01,20.4,33.4,46.4,-6.444444444,0.777777778,8
1943-05-01,21.3,32.8,44.2,-5.944444444,0.444444444,6.777777778
1943-06-01,29.9,43.1,56.4,-1.166666667,6.166666667,13.55555556
1943-07-01,37.7,51.6,65.6,3.166666667,10.88888889,18.66666667
1943-08-01,39.4,51.6,63.8,4.111111111,10.88888889,17.66666667
1943-09-01,25.9,41.6,57.3,-3.388888889,5.333333333,14.05555556
1943-10-01,18.7,32.4,46.1,-7.388888889,0.222222222,7.833333333
1943-11-01,9.9,23.3,36.6,-12.27777778,-4.833333333,2.555555556
1943-12-01,5.5,16.8,28.1,-14.72222222,-8.444444444,-2.166666667
1944-01-01,-0.8,12.2,25.2,-18.22222222,-11,-3.777777778
1944-02-01,-0.2,12.6,25.4,-17.88888889,-10.77777778,-3.666666667
1944-03-01,3.8,15.1,26.4,-15.66666667,-9.388888889,-3.111111111
1944-04-01,11.9,23,34.2,-11.16666667,-5,1.222222222
1944-05-01,23.4,36,48.5,-4.777777778,2.222222222,9.166666667
1944-06-01,29.4,43.6,57.7,-1.444444444,6.444444444,14.27777778
1944-07-01,34.5,49.2,64,1.388888889,9.555555556,17.77777778
1944-08-01,34.2,50.3,66.4,1.222222222,10.16666667,19.11111111
1944-09-01,25,42,58.9,-3.888888889,5.555555556,14.94444444
1944-10-01,20.4,34.9,49.3,-6.444444444,1.611111111,9.611111111
1944-11-01,11.5,23,34.5,-11.38888889,-5,1.388888889
1944-12-01,-0.2,13,26.2,-17.88888889,-10.55555556,-3.222222222
1945-01-01,4.5,14.3,24.1,-15.27777778,-9.833333333,-4.388888889
1945-02-01,6.2,15.9,25.6,-14.33333333,-8.944444444,-3.555555556
1945-03-01,8.4,20.5,32.6,-13.11111111,-6.388888889,0.333333333
1945-04-01,9.9,21.7,33.4,-12.27777778,-5.722222222,0.777777778
1945-05-01,24.6,36.4,48.3,-4.111111111,2.444444444,9.055555556
1945-06-01,28.6,40.2,51.9,-1.888888889,4.555555556,11.05555556
1945-07-01,35.9,49.9,64,2.166666667,9.944444444,17.77777778
1945-08-01,37.2,49.8,62.4,2.888888889,9.888888889,16.88888889
1945-09-01,27.4,40.9,54.5,-2.555555556,4.944444444,12.5
1945-10-01,21.8,34.8,47.7,-5.666666667,1.555555556,8.722222222
1945-11-01,13.4,22.8,32.1,-10.33333333,-5.111111111,0.055555556
1945-12-01,4.4,13.3,22.3,-15.33333333,-10.38888889,-5.388888889
1946-01-01,1.5,13.3,25.1,-16.94444444,-10.38888889,-3.833333333
1946-02-01,5.2,16.3,27.3,-14.88888889,-8.722222222,-2.611111111
1946-03-01,11.2,23.8,36.5,-11.55555556,-4.555555556,2.5
1946-04-01,21.6,34.9,48.1,-5.777777778,1.611111111,8.944444444
1946-05-01,21.4,32.4,43.5,-5.888888889,0.222222222,6.388888889
1946-06-01,31.5,46,60.5,-0.277777778,7.777777778,15.83333333
1946-07-01,37.1,51.4,65.6,2.833333333,10.77777778,18.66666667
1946-08-01,36.6,49.7,62.9,2.555555556,9.833333333,17.16666667
1946-09-01,29.7,43.2,56.8,-1.277777778,6.222222222,13.77777778
1946-10-01,21.8,31.4,41,-5.666666667,-0.333333333,5
1946-11-01,8.5,18.8,29.2,-13.05555556,-7.333333333,-1.555555556
1946-12-01,10.4,19.8,29.1,-12,-6.777777778,-1.611111111
1947-01-01,2.6,12.5,22.4,-16.33333333,-10.83333333,-5.333333333
1947-02-01,2.1,13.3,24.5,-16.61111111,-10.38888889,-4.166666667
1947-03-01,5.8,17.3,28.8,-14.55555556,-8.166666667,-1.777777778
1947-04-01,15.2,26,36.9,-9.333333333,-3.333333333,2.722222222
1947-05-01,25.4,37.2,49,-3.666666667,2.888888889,9.444444444
1947-06-01,28.5,40.9,53.3,-1.944444444,4.944444444,11.83333333
1947-07-01,36.6,50.8,64.9,2.555555556,10.44444444,18.27777778
1947-08-01,38.2,51.3,64.4,3.444444444,10.72222222,18
1947-09-01,32.6,46.2,59.7,0.333333333,7.888888889,15.38888889
1947-10-01,26.7,37.2,47.6,-2.944444444,2.888888889,8.666666667
1947-11-01,5.2,15.1,24.9,-14.88888889,-9.388888889,-3.944444444
1947-12-01,6.6,16.8,27,-14.11111111,-8.444444444,-2.777777778
1948-01-01,1.2,11.5,21.8,-17.11111111,-11.38888889,-5.666666667
1948-02-01,-1.1,11.9,24.9,-18.38888889,-11.16666667,-3.944444444
1948-03-01,0.4,12.2,24.1,-17.55555556,-11,-4.388888889
1948-04-01,17.3,29.9,42.6,-8.166666667,-1.166666667,5.888888889
1948-05-01,24.4,37.8,51.2,-4.222222222,3.222222222,10.66666667
1948-06-01,32.1,45.2,58.2,0.055555556,7.333333333,14.55555556
1948-07-01,35.9,51.1,66.3,2.166666667,10.61111111,19.05555556
1948-08-01,36.3,50.8,65.2,2.388888889,10.44444444,18.44444444
1948-09-01,32.6,47.2,61.8,0.333333333,8.444444444,16.55555556
1948-10-01,20.6,33.2,45.7,-6.333333333,0.666666667,7.611111111
1948-11-01,9.3,17.7,26.1,-12.61111111,-7.944444444,-3.277777778
1948-12-01,4.9,14,23.1,-15.05555556,-10,-4.944444444
1949-01-01,-7.5,4.4,16.3,-21.94444444,-15.33333333,-8.722222222
1949-02-01,1.5,11.7,21.8,-16.94444444,-11.27777778,-5.666666667
1949-03-01,9.7,20.6,31.5,-12.38888889,-6.333333333,-0.277777778
1949-04-01,16.8,29.6,42.4,-8.444444444,-1.333333333,5.777777778
1949-05-01,25.7,37,48.4,-3.5,2.777777778,9.111111111
1949-06-01,33.4,44.4,55.5,0.777777778,6.888888889,13.05555556
1949-07-01,37.7,50.5,63.3,3.166666667,10.27777778,17.38888889
1949-08-01,35.7,49.7,63.7,2.055555556,9.833333333,17.61111111
1949-09-01,29.9,43.6,57.4,-1.166666667,6.444444444,14.11111111
1949-10-01,21.7,32.1,42.6,-5.722222222,0.055555556,5.888888889
1949-11-01,19.7,30.7,41.7,-6.833333333,-0.722222222,5.388888889
1949-12-01,5.1,15.8,26.6,-14.94444444,-9,-3
1950-01-01,4.4,13,21.7,-15.33333333,-10.55555556,-5.722222222
1950-02-01,7.3,17.3,27.4,-13.72222222,-8.166666667,-2.555555556
1950-03-01,7.5,17.9,28.3,-13.61111111,-7.833333333,-2.055555556
1950-04-01,16.5,28.4,40.3,-8.611111111,-2,4.611111111
1950-05-01,20.2,32.1,44,-6.555555556,0.055555556,6.666666667
1950-06-01,29.8,44.2,58.5,-1.222222222,6.777777778,14.72222222
1950-07-01,34.2,47.1,60.1,1.222222222,8.388888889,15.61111111
1950-08-01,32.2,46.6,61,0.111111111,8.111111111,16.11111111
1950-09-01,28.6,40.3,52.1,-1.888888889,4.611111111,11.16666667
1950-10-01,26,39.7,53.4,-3.333333333,4.277777778,11.88888889
1950-11-01,13.4,24,34.5,-10.33333333,-4.444444444,1.388888889
1950-12-01,13.4,22.1,30.8,-10.33333333,-5.5,-0.666666667
1951-01-01,2.4,12.1,21.8,-16.44444444,-11.05555556,-5.666666667
1951-02-01,4.2,16,27.8,-15.44444444,-8.888888889,-2.333333333
1951-03-01,4.8,16.9,29,-15.11111111,-8.388888889,-1.666666667
1951-04-01,13.9,25.2,36.4,-10.05555556,-3.777777778,2.444444444
1951-05-01,24.6,36,47.4,-4.111111111,2.222222222,8.555555556
1951-06-01,26.8,39.3,51.7,-2.888888889,4.055555556,10.94444444
1951-07-01,36.2,50.5,64.9,2.333333333,10.27777778,18.27777778
1951-08-01,35.8,48.6,61.3,2.111111111,9.222222222,16.27777778
1951-09-01,27.4,41.3,55.2,-2.555555556,5.166666667,12.88888889
1951-10-01,21.1,31.9,42.6,-6.055555556,-0.055555556,5.888888889
1951-11-01,8,19.4,30.9,-13.33333333,-7,-0.611111111
1951-12-01,5,13.5,21.9,-15,-10.27777778,-5.611111111
1952-01-01,4.7,14.4,24.2,-15.16666667,-9.777777778,-4.333333333
1952-02-01,4.5,15.2,26,-15.27777778,-9.333333333,-3.333333333
1952-03-01,2.5,14.1,25.6,-16.38888889,-9.944444444,-3.555555556
1952-04-01,14.8,27.3,39.7,-9.555555556,-2.611111111,4.277777778
1952-05-01,24,35.9,47.7,-4.444444444,2.166666667,8.722222222
1952-06-01,33.8,48.3,62.8,1,9.055555556,17.11111111
1952-07-01,35.7,50,64.2,2.055555556,10,17.88888889
1952-08-01,36.8,49.7,62.6,2.666666667,9.833333333,17
1952-09-01,31,45.1,59.1,-0.555555556,7.277777778,15.05555556
1952-10-01,21.3,35.9,50.5,-5.944444444,2.166666667,10.27777778
1952-11-01,5.3,17.1,29,-14.83333333,-8.277777778,-1.666666667
1952-12-01,6.7,16.4,26.1,-14.05555556,-8.666666667,-3.277777778
1953-01-01,13,21.9,30.8,-10.55555556,-5.611111111,-0.666666667
1953-02-01,2.8,13.9,25,-16.22222222,-10.05555556,-3.888888889
1953-03-01,11.1,23,34.9,-11.61111111,-5,1.611111111
1953-04-01,11.2,22.9,34.6,-11.55555556,-5.055555556,1.444444444
1953-05-01,21,32.1,43.1,-6.111111111,0.055555556,6.166666667
1953-06-01,32.7,46.5,60.2,0.388888889,8.055555556,15.66666667
1953-07-01,38.6,51.9,65.2,3.666666667,11.05555556,18.44444444
1953-08-01,35.7,48.4,61.1,2.055555556,9.111111111,16.16666667
1953-09-01,31.7,45.7,59.7,-0.166666667,7.611111111,15.38888889
1953-10-01,22.3,35.3,48.3,-5.388888889,1.833333333,9.055555556
1953-11-01,15.2,25.7,36.3,-9.333333333,-3.5,2.388888889
1953-12-01,4.4,15,25.6,-15.33333333,-9.444444444,-3.555555556
1954-01-01,8.9,18.4,27.8,-12.83333333,-7.555555556,-2.333333333
1954-02-01,12.1,23.6,35.2,-11.05555556,-4.666666667,1.777777778
1954-03-01,4.6,16.4,28.2,-15.22222222,-8.666666667,-2.111111111
1954-04-01,19,33.1,47.1,-7.222222222,0.611111111,8.388888889
1954-05-01,23,36,49,-5,2.222222222,9.444444444
1954-06-01,31.3,46.2,61.2,-0.388888889,7.888888889,16.22222222
1954-07-01,39.9,53.7,67.5,4.388888889,12.05555556,19.72222222
1954-08-01,36.5,50.1,63.7,2.5,10.05555556,17.61111111
1954-09-01,33.6,46,58.4,0.888888889,7.777777778,14.66666667
1954-10-01,24.1,35.4,46.8,-4.388888889,1.888888889,8.222222222
1954-11-01,15.2,27.8,40.4,-9.333333333,-2.333333333,4.666666667
1954-12-01,6.7,17.9,29.1,-14.05555556,-7.833333333,-1.611111111
1955-01-01,1.6,12,22.4,-16.88888889,-11.11111111,-5.333333333
1955-02-01,-1.8,9.2,20.1,-18.77777778,-12.66666667,-6.611111111
1955-03-01,3.6,16.1,28.7,-15.77777778,-8.833333333,-1.833333333
1955-04-01,14.5,28,41.5,-9.722222222,-2.222222222,5.277777778
1955-05-01,23.1,35.9,48.7,-4.944444444,2.166666667,9.277777778
1955-06-01,29.1,41.3,53.5,-1.611111111,5.166666667,11.94444444
1955-07-01,36.2,50.8,65.4,2.333333333,10.44444444,18.55555556
1955-08-01,38.2,50.6,62.9,3.444444444,10.33333333,17.16666667
1955-09-01,31,44.6,58.2,-0.555555556,7,14.55555556
1955-10-01,22.9,36.1,49.3,-5.055555556,2.277777778,9.611111111
1955-11-01,9.4,19.3,29.2,-12.55555556,-7.055555556,-1.555555556
1955-12-01,10.5,19.2,27.9,-11.94444444,-7.111111111,-2.277777778
1956-01-01,8.4,19.6,30.7,-13.11111111,-6.888888889,-0.722222222
1956-02-01,-2.6,9.8,22.2,-19.22222222,-12.33333333,-5.444444444
1956-03-01,5.7,18.5,31.4,-14.61111111,-7.5,-0.333333333
1956-04-01,14.2,26.7,39.1,-9.888888889,-2.944444444,3.944444444
1956-05-01,26.7,38.8,51,-2.944444444,3.777777778,10.55555556
1956-06-01,32.6,48.2,63.8,0.333333333,9,17.66666667
1956-07-01,35.4,49.3,63.2,1.888888889,9.611111111,17.33333333
1956-08-01,34.7,47.2,59.6,1.5,8.444444444,15.33333333
1956-09-01,29.5,44.9,60.4,-1.388888889,7.166666667,15.77777778
1956-10-01,22.1,35.6,49.1,-5.5,2,9.5
1956-11-01,7.8,19.8,31.7,-13.44444444,-6.777777778,-0.166666667
1956-12-01,9.1,20,30.8,-12.72222222,-6.666666667,-0.666666667
1957-01-01,0.5,10.7,20.9,-17.5,-11.83333333,-6.166666667
1957-02-01,10.4,21.6,32.7,-12,-5.777777778,0.388888889
1957-03-01,7.2,19.4,31.5,-13.77777778,-7,-0.277777778
1957-04-01,11.6,22.5,33.4,-11.33333333,-5.277777778,0.777777778
1957-05-01,22.4,32.6,42.9,-5.333333333,0.333333333,6.055555556
1957-06-01,30.8,43.3,55.8,-0.666666667,6.277777778,13.22222222
1957-07-01,38.5,50.9,63.3,3.611111111,10.5,17.38888889
1957-08-01,37.3,49.8,62.3,2.944444444,9.888888889,16.83333333
1957-09-01,27.4,40.5,53.6,-2.555555556,4.722222222,12
1957-10-01,23.8,33.8,43.8,-4.555555556,1,6.555555556
1957-11-01,8.3,18.1,27.9,-13.16666667,-7.722222222,-2.277777778
1957-12-01,11,21,31,-11.66666667,-6.111111111,-0.555555556
1958-01-01,3.2,14.3,25.3,-16,-9.833333333,-3.722222222
1958-02-01,11.1,21.5,31.9,-11.61111111,-5.833333333,-0.055555556
1958-03-01,2.1,14.4,26.6,-16.61111111,-9.777777778,-3
1958-04-01,13.8,24.6,35.3,-10.11111111,-4.111111111,1.833333333
1958-05-01,26.1,38.9,51.7,-3.277777778,3.833333333,10.94444444
1958-06-01,32.4,45.8,59.3,0.222222222,7.666666667,15.16666667
1958-07-01,35.7,48.9,62.2,2.055555556,9.388888889,16.77777778
1958-08-01,38.4,51.3,64.1,3.555555556,10.72222222,17.83333333
1958-09-01,32.1,45.2,58.2,0.055555556,7.333333333,14.55555556
1958-10-01,23.2,35.8,48.4,-4.888888889,2.111111111,9.111111111
1958-11-01,13.4,24.4,35.4,-10.33333333,-4.222222222,1.888888889
1958-12-01,11.1,20.4,29.6,-11.61111111,-6.444444444,-1.333333333
1959-01-01,4.1,14.1,24.2,-15.5,-9.944444444,-4.333333333
1959-02-01,3.6,14,24.4,-15.77777778,-10,-4.222222222
1959-03-01,7.4,18.2,29.1,-13.66666667,-7.666666667,-1.611111111
1959-04-01,14.5,25.8,37.2,-9.722222222,-3.444444444,2.888888889
1959-05-01,24.7,35.9,47,-4.055555556,2.166666667,8.333333333
1959-06-01,34.5,47.8,61.1,1.388888889,8.777777778,16.16666667
1959-07-01,34.9,49.1,63.3,1.611111111,9.5,17.38888889
1959-08-01,38.2,50.4,62.6,3.444444444,10.22222222,17
1959-09-01,29.5,41.3,53.1,-1.388888889,5.166666667,11.72222222
1959-10-01,20.5,30.6,40.7,-6.388888889,-0.777777778,4.833333333
1959-11-01,9.9,21.7,33.6,-12.27777778,-5.722222222,0.888888889
1959-12-01,7.2,19.8,32.4,-13.77777778,-6.777777778,0.222222222
1960-01-01,1.1,12,22.8,-17.16666667,-11.11111111,-5.111111111
1960-02-01,-1.9,8.5,18.9,-18.83333333,-13.05555556,-7.277777778
1960-03-01,9.3,20.8,32.3,-12.61111111,-6.222222222,0.166666667
1960-04-01,18.3,30.7,43,-7.611111111,-0.722222222,6.111111111
1960-05-01,22.1,35.2,48.3,-5.5,1.777777778,9.055555556
1960-06-01,31.9,46.2,60.4,-0.055555556,7.888888889,15.77777778
1960-07-01,35.4,49.7,64,1.888888889,9.833333333,17.77777778
1960-08-01,35.2,49.8,64.5,1.777777778,9.888888889,18.05555556
1960-09-01,32,44.8,57.7,0,7.111111111,14.27777778
1960-10-01,23.2,34,44.9,-4.888888889,1.111111111,7.166666667
1960-11-01,13.1,23.7,34.3,-10.5,-4.611111111,1.277777778
1960-12-01,4.8,15.6,26.4,-15.11111111,-9.111111111,-3.111111111
1961-01-01,4.5,16.1,27.8,-15.27777778,-8.833333333,-2.333333333
1961-02-01,6,17.6,29.3,-14.44444444,-8,-1.5
1961-03-01,8.4,19.3,30.1,-13.11111111,-7.055555556,-1.055555556
1961-04-01,13.4,24.8,36.2,-10.33333333,-4,2.333333333
1961-05-01,24.9,36.2,47.6,-3.944444444,2.333333333,8.666666667
1961-06-01,30.8,44.1,57.5,-0.666666667,6.722222222,14.16666667
1961-07-01,36.1,48.8,61.5,2.277777778,9.333333333,16.38888889
1961-08-01,36.6,49,61.3,2.555555556,9.444444444,16.27777778
1961-09-01,27.4,37.3,47.2,-2.555555556,2.944444444,8.444444444
1961-10-01,20.9,32.5,44.2,-6.166666667,0.277777778,6.777777778
1961-11-01,7.3,18.5,29.8,-13.72222222,-7.5,-1.222222222
1961-12-01,2.5,11.4,20.3,-16.38888889,-11.44444444,-6.5
1962-01-01,-3.2,8.6,20.5,-19.55555556,-13,-6.388888889
1962-02-01,7.9,17.7,27.4,-13.38888889,-7.944444444,-2.555555556
1962-03-01,3.7,15.9,28.1,-15.72222222,-8.944444444,-2.166666667
1962-04-01,16.9,30.1,43.2,-8.388888889,-1.055555556,6.222222222
1962-05-01,24.4,36.9,49.4,-4.222222222,2.722222222,9.666666667
1962-06-01,29.3,42.3,55.2,-1.5,5.722222222,12.88888889
1962-07-01,33.9,48.4,62.8,1.055555556,9.111111111,17.11111111
1962-08-01,33.1,48.8,64.5,0.611111111,9.333333333,18.05555556
1962-09-01,30.5,43.2,56,-0.833333333,6.222222222,13.33333333
1962-10-01,24.5,36.6,48.7,-4.166666667,2.555555556,9.277777778
1962-11-01,14.9,26.4,37.8,-9.5,-3.111111111,3.222222222
1962-12-01,10,19.8,29.5,-12.22222222,-6.777777778,-1.388888889
1963-01-01,-5.2,6.3,17.8,-20.66666667,-14.27777778,-7.888888889
1963-02-01,8.9,19,29.1,-12.83333333,-7.222222222,-1.611111111
1963-03-01,6.8,18.7,30.6,-14,-7.388888889,-0.777777778
1963-04-01,16.7,29.2,41.7,-8.5,-1.555555556,5.388888889
1963-05-01,24.9,38.8,52.7,-3.944444444,3.777777778,11.5
1963-06-01,31.6,44.9,58.2,-0.222222222,7.166666667,14.55555556
1963-07-01,38.5,52.5,66.5,3.611111111,11.38888889,19.16666667
1963-08-01,38.1,48.7,59.4,3.388888889,9.277777778,15.22222222
1963-09-01,34.1,46.1,58.2,1.166666667,7.833333333,14.55555556
1963-10-01,27.8,39.8,51.8,-2.333333333,4.333333333,11
1963-11-01,13.7,25,36.4,-10.16666667,-3.888888889,2.444444444
1963-12-01,4.3,14,23.7,-15.38888889,-10,-4.611111111
1964-01-01,-0.2,9.7,19.6,-17.88888889,-12.38888889,-6.888888889
1964-02-01,-3.4,6.9,17.2,-19.66666667,-13.94444444,-8.222222222
1964-03-01,1.4,12.5,23.6,-17,-10.83333333,-4.666666667
1964-04-01,13.6,25.1,36.6,-10.22222222,-3.833333333,2.555555556
1964-05-01,23.6,36.5,49.4,-4.666666667,2.5,9.666666667
1964-06-01,29.1,41.7,54.2,-1.611111111,5.388888889,12.33333333
1964-07-01,38.9,53,67,3.833333333,11.66666667,19.44444444
1964-08-01,34.2,47.5,60.7,1.222222222,8.611111111,15.94444444
1964-09-01,28.9,42.1,55.4,-1.722222222,5.611111111,13
1964-10-01,23.7,35.8,48,-4.611111111,2.111111111,8.888888889
1964-11-01,11.3,21.1,30.8,-11.5,-6.055555556,-0.666666667
1964-12-01,4.5,13.6,22.7,-15.27777778,-10.22222222,-5.166666667
1965-01-01,6.9,15.7,24.5,-13.94444444,-9.055555556,-4.166666667
1965-02-01,1.8,12.8,23.8,-16.77777778,-10.66666667,-4.555555556
1965-03-01,-1.1,10.4,21.9,-18.38888889,-12,-5.611111111
1965-04-01,16.2,27.8,39.4,-8.777777778,-2.333333333,4.111111111
1965-05-01,21.3,33.7,46,-5.944444444,0.944444444,7.777777778
1965-06-01,29,41.3,53.5,-1.666666667,5.166666667,11.94444444
1965-07-01,35.4,49,62.5,1.888888889,9.444444444,16.94444444
1965-08-01,33,45.9,58.7,0.555555556,7.722222222,14.83333333
1965-09-01,26.4,36.6,46.7,-3.111111111,2.555555556,8.166666667
1965-10-01,24,36.7,49.4,-4.444444444,2.611111111,9.666666667
1965-11-01,16.4,25.4,34.4,-8.666666667,-3.666666667,1.333333333
1965-12-01,8.5,18.8,29.1,-13.05555556,-7.333333333,-1.611111111
1966-01-01,0.3,10.3,20.4,-17.61111111,-12.05555556,-6.444444444
1966-02-01,-2.1,8.8,19.7,-18.94444444,-12.88888889,-6.833333333
1966-03-01,8.1,21.1,34.1,-13.27777778,-6.055555556,1.166666667
1966-04-01,13.2,26.4,39.6,-10.44444444,-3.111111111,4.222222222
1966-05-01,24.4,38.2,52,-4.222222222,3.444444444,11.11111111
1966-06-01,30.8,43.9,57,-0.666666667,6.611111111,13.88888889
1966-07-01,39.8,53.3,66.8,4.333333333,11.83333333,19.33333333
1966-08-01,35.2,48.4,61.5,1.777777778,9.111111111,16.38888889
1966-09-01,31.4,43.6,55.7,-0.333333333,6.444444444,13.16666667
1966-10-01,20.3,32.5,44.6,-6.5,0.277777778,7
1966-11-01,14.7,24.7,34.7,-9.611111111,-4.055555556,1.5
1966-12-01,3,13.5,23.9,-16.11111111,-10.27777778,-4.5
1967-01-01,4.9,13.4,21.8,-15.05555556,-10.33333333,-5.666666667
1967-02-01,2.2,12.6,22.9,-16.55555556,-10.77777778,-5.055555556
1967-03-01,12.3,23.8,35.4,-10.94444444,-4.555555556,1.888888889
1967-04-01,14.9,28.2,41.5,-9.5,-2.111111111,5.277777778
1967-05-01,21.2,32.5,43.8,-6,0.277777778,6.555555556
1967-06-01,28.8,39.8,50.9,-1.777777778,4.333333333,10.5
1967-07-01,36.9,49.2,61.5,2.722222222,9.555555556,16.38888889
1967-08-01,34.8,47.2,59.6,1.555555556,8.444444444,15.33333333
1967-09-01,29.6,41.5,53.5,-1.333333333,5.277777778,11.94444444
1967-10-01,22.5,34.8,47.1,-5.277777778,1.555555556,8.388888889
1967-11-01,11.4,21.8,32.3,-11.44444444,-5.666666667,0.166666667
1967-12-01,-0.1,9.8,19.7,-17.83333333,-12.33333333,-6.833333333
1968-01-01,5.1,15.5,25.9,-14.94444444,-9.166666667,-3.388888889
1968-02-01,6.3,16.2,26.1,-14.27777778,-8.777777778,-3.277777778
1968-03-01,7.6,20,32.3,-13.55555556,-6.666666667,0.166666667
1968-04-01,10.7,22.7,34.8,-11.83333333,-5.166666667,1.555555556
1968-05-01,20.7,32.5,44.3,-6.277777778,0.277777778,6.833333333
1968-06-01,31.4,45.5,59.6,-0.333333333,7.5,15.33333333
1968-07-01,36.4,49.4,62.3,2.444444444,9.666666667,16.83333333
1968-08-01,34.2,46.2,58.2,1.222222222,7.888888889,14.55555556
1968-09-01,27.3,40.3,53.3,-2.611111111,4.611111111,11.83333333
1968-10-01,22.7,34.7,46.7,-5.166666667,1.5,8.166666667
1968-11-01,7.3,17.3,27.3,-13.72222222,-8.166666667,-2.611111111
1968-12-01,3.1,12.7,22.2,-16.05555556,-10.72222222,-5.444444444
1969-01-01,7.4,16.8,26.1,-13.66666667,-8.444444444,-3.277777778
1969-02-01,3.6,14.3,25,-15.77777778,-9.833333333,-3.888888889
1969-03-01,0.3,13,25.6,-17.61111111,-10.55555556,-3.555555556
1969-04-01,17.5,30.6,43.6,-8.055555556,-0.777777778,6.444444444
1969-05-01,26.3,38.8,51.2,-3.166666667,3.777777778,10.66666667
1969-06-01,29,39.5,50.1,-1.666666667,4.166666667,10.05555556
1969-07-01,38.6,51.7,64.7,3.666666667,10.94444444,18.16666667
1969-08-01,38.6,51.7,64.9,3.666666667,10.94444444,18.27777778
1969-09-01,31.4,43.7,56.1,-0.333333333,6.5,13.38888889
1969-10-01,15.8,24.8,33.7,-9,-4,0.944444444
1969-11-01,9.6,19.9,30.3,-12.44444444,-6.722222222,-0.944444444
1969-12-01,6.7,16.1,25.5,-14.05555556,-8.833333333,-3.611111111
1970-01-01,4.8,12.2,19.7,-15.11111111,-11,-6.833333333
1970-02-01,6,17.3,28.5,-14.44444444,-8.166666667,-1.944444444
1970-03-01,3.7,14.8,25.9,-15.72222222,-9.555555556,-3.388888889
1970-04-01,9.6,21.4,33.2,-12.44444444,-5.888888889,0.666666667
1970-05-01,23.6,37.4,51.1,-4.666666667,3,10.61111111
1970-06-01,30.1,43.1,56.1,-1.055555556,6.166666667,13.38888889
1970-07-01,37.4,50.3,63.2,3,10.16666667,17.33333333
1970-08-01,38.7,51.4,64,3.722222222,10.77777778,17.77777778
1970-09-01,27.8,40,52.2,-2.333333333,4.444444444,11.22222222
1970-10-01,16.6,27.2,37.8,-8.555555556,-2.666666667,3.222222222
1970-11-01,12.5,21.2,29.9,-10.83333333,-6,-1.166666667
1970-12-01,5.6,15.2,24.8,-14.66666667,-9.333333333,-4
1971-01-01,5.3,13.2,21.1,-14.83333333,-10.44444444,-6.055555556
1971-02-01,2.9,12.2,21.5,-16.16666667,-11,-5.833333333
1971-03-01,5.6,16.9,28.2,-14.66666667,-8.388888889,-2.111111111
1971-04-01,15.6,27.1,38.6,-9.111111111,-2.722222222,3.666666667
1971-05-01,21.8,33.6,45.4,-5.666666667,0.888888889,7.444444444
1971-06-01,31.3,45.4,59.5,-0.388888889,7.444444444,15.27777778
1971-07-01,36,48.8,61.7,2.222222222,9.333333333,16.5
1971-08-01,36.7,49.6,62.5,2.611111111,9.777777778,16.94444444
1971-09-01,25.8,38.3,50.8,-3.444444444,3.5,10.44444444
1971-10-01,19.2,31.1,43,-7.111111111,-0.5,6.111111111
1971-11-01,10.6,20.8,31.1,-11.88888889,-6.222222222,-0.5
1971-12-01,2.1,12,21.9,-16.61111111,-11.11111111,-5.611111111
1972-01-01,2.2,11.5,20.8,-16.55555556,-11.38888889,-6.222222222
1972-02-01,5.5,15.5,25.4,-14.72222222,-9.166666667,-3.666666667
1972-03-01,13.5,24.7,35.9,-10.27777778,-4.055555556,2.166666667
1972-04-01,17.4,28.7,40.1,-8.111111111,-1.833333333,4.5
1972-05-01,22.3,35,47.6,-5.388888889,1.666666667,8.666666667
1972-06-01,33,45.8,58.6,0.555555556,7.666666667,14.77777778
1972-07-01,36.6,49.6,62.6,2.555555556,9.777777778,17
1972-08-01,35.7,48.1,60.5,2.055555556,8.944444444,15.83333333
1972-09-01,31.4,42.1,52.7,-0.333333333,5.611111111,11.5
1972-10-01,23.5,33.5,43.5,-4.722222222,0.833333333,6.388888889
1972-11-01,6,15.3,24.6,-14.44444444,-9.277777778,-4.111111111
1972-12-01,1.8,11.3,20.8,-16.77777778,-11.5,-6.222222222
1973-01-01,1.2,11.6,22,-17.11111111,-11.33333333,-5.555555556
1973-02-01,1.4,13.8,26.2,-17,-10.11111111,-3.222222222
1973-03-01,5,16.8,28.7,-15,-8.444444444,-1.833333333
1973-04-01,8.8,20.9,33.1,-12.88888889,-6.166666667,0.611111111
1973-05-01,22,33.3,44.5,-5.555555556,0.722222222,6.944444444
1973-06-01,29.9,43.4,56.9,-1.166666667,6.333333333,13.83333333
1973-07-01,36.3,48.4,60.5,2.388888889,9.111111111,15.83333333
1973-08-01,36.6,49.5,62.5,2.555555556,9.722222222,16.94444444
1973-09-01,30.6,41.1,51.7,-0.777777778,5.055555556,10.94444444
1973-10-01,24.5,35.9,47.2,-4.166666667,2.166666667,8.444444444
1973-11-01,14.6,22.8,31,-9.666666667,-5.111111111,-0.555555556
1973-12-01,7,16.9,26.9,-13.88888889,-8.388888889,-2.833333333
1974-01-01,2.4,11.1,19.8,-16.44444444,-11.61111111,-6.777777778
1974-02-01,1.7,12.8,23.8,-16.83333333,-10.66666667,-4.555555556
1974-03-01,11.7,22.6,33.5,-11.27777778,-5.222222222,0.833333333
1974-04-01,12.4,25.7,39,-10.88888889,-3.5,3.888888889
1974-05-01,24.7,39.1,53.6,-4.055555556,3.944444444,12
1974-06-01,32.6,46.1,59.6,0.333333333,7.833333333,15.33333333
1974-07-01,38.7,51,63.4,3.722222222,10.55555556,17.44444444
1974-08-01,34.8,47.5,60.2,1.555555556,8.611111111,15.66666667
1974-09-01,28.1,40.4,52.7,-2.166666667,4.666666667,11.5
1974-10-01,24.6,35.5,46.5,-4.111111111,1.944444444,8.055555556
1974-11-01,9.9,20.3,30.7,-12.27777778,-6.5,-0.722222222
1974-12-01,1.5,11.7,21.8,-16.94444444,-11.27777778,-5.666666667
1975-01-01,2,11.8,21.6,-16.66666667,-11.22222222,-5.777777778
1975-02-01,0.8,11.5,22.2,-17.33333333,-11.38888889,-5.444444444
1975-03-01,7.3,18.1,29,-13.72222222,-7.722222222,-1.666666667
1975-04-01,11.8,23.9,36,-11.22222222,-4.5,2.222222222
1975-05-01,20,32.1,44.2,-6.666666667,0.055555556,6.777777778
1975-06-01,28,41.1,54.2,-2.222222222,5.055555556,12.33333333
1975-07-01,35.1,49.3,63.5,1.722222222,9.611111111,17.5
1975-08-01,35.3,48.9,62.5,1.833333333,9.388888889,16.94444444
1975-09-01,29,41.8,54.6,-1.666666667,5.444444444,12.55555556
1975-10-01,20.8,34.7,48.5,-6.222222222,1.5,9.166666667
1975-11-01,8.6,19.8,31,-13,-6.777777778,-0.555555556
1975-12-01,6.8,17,27.2,-14,-8.333333333,-2.666666667
1976-01-01,2.1,12.9,23.6,-16.61111111,-10.61111111,-4.666666667
1976-02-01,7.4,18.9,30.5,-13.66666667,-7.277777778,-0.833333333
1976-03-01,4.6,17.3,30.1,-15.22222222,-8.166666667,-1.055555556
1976-04-01,15.7,28.3,41,-9.055555556,-2.055555556,5
1976-05-01,23.4,35.4,47.4,-4.777777778,1.888888889,8.555555556
1976-06-01,29.8,43.7,57.6,-1.222222222,6.5,14.22222222
1976-07-01,37.9,51.2,64.4,3.277777778,10.66666667,18
1976-08-01,35.3,48.1,61,1.833333333,8.944444444,16.11111111
1976-09-01,29.9,41.8,53.7,-1.166666667,5.444444444,12.05555556
1976-10-01,18.4,30.9,43.3,-7.555555556,-0.611111111,6.277777778
1976-11-01,9.9,20.4,30.8,-12.27777778,-6.444444444,-0.666666667
1976-12-01,3.8,16,28.2,-15.66666667,-8.888888889,-2.111111111
1977-01-01,1.4,11.3,21.2,-17,-11.5,-6
1977-02-01,5.9,16.5,27.2,-14.5,-8.611111111,-2.666666667
1977-03-01,5,16.4,27.7,-15,-8.666666667,-2.388888889
1977-04-01,16.8,28.6,40.5,-8.444444444,-1.888888889,4.722222222
1977-05-01,24,37.2,50.3,-4.444444444,2.888888889,10.16666667
1977-06-01,34.9,49.2,63.4,1.611111111,9.555555556,17.44444444
1977-07-01,37.8,51.1,64.5,3.222222222,10.61111111,18.05555556
1977-08-01,36.4,48.5,60.5,2.444444444,9.166666667,15.83333333
1977-09-01,32.1,45.4,58.8,0.055555556,7.444444444,14.88888889
1977-10-01,22.1,34.4,46.7,-5.5,1.333333333,8.166666667
1977-11-01,13.6,22.2,30.8,-10.22222222,-5.444444444,-0.666666667
1977-12-01,7.2,15.8,24.3,-13.77777778,-9,-4.277777778
1978-01-01,5.3,13.3,21.4,-14.83333333,-10.38888889,-5.888888889
1978-02-01,4.8,14.6,24.4,-15.11111111,-9.666666667,-4.222222222
1978-03-01,12.1,23,33.8,-11.05555556,-5,1
1978-04-01,17.4,29.7,42.1,-8.111111111,-1.277777778,5.611111111
1978-05-01,22,33.6,45.3,-5.555555556,0.888888889,7.388888889
1978-06-01,31.1,44.7,58.3,-0.5,7.055555556,14.61111111
1978-07-01,36.1,51.3,66.5,2.277777778,10.72222222,19.16666667
1978-08-01,32.5,46.9,61.3,0.277777778,8.277777778,16.27777778
1978-09-01,30.6,44,57.5,-0.777777778,6.666666667,14.16666667
1978-10-01,20.7,34.1,47.5,-6.277777778,1.166666667,8.611111111
1978-11-01,12.8,22.6,32.3,-10.66666667,-5.222222222,0.166666667
1978-12-01,-2.2,8.4,19.1,-19,-13.11111111,-7.166666667
1979-01-01,-4.2,5.2,14.6,-20.11111111,-14.88888889,-9.666666667
1979-02-01,3.8,14.6,25.3,-15.66666667,-9.666666667,-3.722222222
1979-03-01,8.4,20,31.6,-13.11111111,-6.666666667,-0.222222222
1979-04-01,13.8,26.8,39.8,-10.11111111,-2.888888889,4.333333333
1979-05-01,21.4,33.3,45.3,-5.888888889,0.722222222,7.388888889
1979-06-01,29.8,43.4,57.1,-1.222222222,6.333333333,13.94444444
1979-07-01,36.6,51.1,65.7,2.555555556,10.61111111,18.72222222
1979-08-01,35.5,47.8,60.2,1.944444444,8.777777778,15.66666667
1979-09-01,30.7,45.1,59.6,-0.722222222,7.277777778,15.33333333
1979-10-01,24.1,36.4,48.7,-4.388888889,2.444444444,9.277777778
1979-11-01,4.6,14.6,24.6,-15.22222222,-9.666666667,-4.111111111
1979-12-01,6.2,17.1,28.1,-14.33333333,-8.277777778,-2.166666667
1980-01-01,3.3,12.7,22.1,-15.94444444,-10.72222222,-5.5
1980-02-01,7.5,17.7,27.9,-13.61111111,-7.944444444,-2.277777778
1980-03-01,6.5,17.5,28.6,-14.16666667,-8.055555556,-1.888888889
1980-04-01,11.9,24.4,36.8,-11.16666667,-4.222222222,2.666666667
1980-05-01,22,33.3,44.5,-5.555555556,0.722222222,6.944444444
1980-06-01,30.9,46.7,62.6,-0.611111111,8.166666667,17
1980-07-01,38.8,52.9,66.9,3.777777778,11.61111111,19.38888889
1980-08-01,35.9,49.5,63.2,2.166666667,9.722222222,17.33333333
1980-09-01,31.8,44.8,57.9,-0.111111111,7.111111111,14.38888889
1980-10-01,19.7,32.4,45.1,-6.833333333,0.222222222,7.277777778
1980-11-01,12.6,22.8,33,-10.77777778,-5.111111111,0.555555556
1980-12-01,14.5,24.7,35,-9.722222222,-4.055555556,1.666666667
1981-01-01,7.6,19.1,30.7,-13.55555556,-7.166666667,-0.722222222
1981-02-01,5.4,16.2,27,-14.77777778,-8.777777778,-2.777777778
1981-03-01,8.2,19.9,31.5,-13.22222222,-6.722222222,-0.277777778
1981-04-01,20,33.3,46.6,-6.666666667,0.722222222,8.111111111
1981-05-01,23.6,34,44.3,-4.666666667,1.111111111,6.833333333
1981-06-01,34.5,47.8,61,1.388888889,8.777777778,16.11111111
1981-07-01,38.5,51.1,63.6,3.611111111,10.61111111,17.55555556
1981-08-01,35.9,48.1,60.3,2.166666667,8.944444444,15.72222222
1981-09-01,32.8,45.1,57.4,0.444444444,7.277777778,14.11111111
1981-10-01,22.4,32.1,41.8,-5.333333333,0.055555556,5.444444444
1981-11-01,15.5,25.8,36.1,-9.166666667,-3.444444444,2.277777778
1981-12-01,7.2,15.5,23.8,-13.77777778,-9.166666667,-4.555555556
1982-01-01,2.9,12.6,22.3,-16.16666667,-10.77777778,-5.388888889
1982-02-01,2.9,14.2,25.6,-16.16666667,-9.888888889,-3.555555556
1982-03-01,9.5,20.5,31.6,-12.5,-6.388888889,-0.222222222
1982-04-01,12.3,25.8,39.4,-10.94444444,-3.444444444,4.111111111
1982-05-01,22.5,33.9,45.2,-5.277777778,1.055555556,7.333333333
1982-06-01,28.1,40.4,52.6,-2.166666667,4.666666667,11.44444444
1982-07-01,36.4,49.5,62.7,2.444444444,9.722222222,17.05555556
1982-08-01,38.8,51,63.2,3.777777778,10.55555556,17.33333333
1982-09-01,31.8,42,52.2,-0.111111111,5.555555556,11.22222222
1982-10-01,18.1,29.5,41,-7.722222222,-1.388888889,5
1982-11-01,9,18.9,28.8,-12.77777778,-7.277777778,-1.777777778
1982-12-01,5,14.5,24,-15,-9.722222222,-4.444444444
1983-01-01,7.2,17.1,26.9,-13.77777778,-8.277777778,-2.833333333
1983-02-01,5.8,16.4,27.1,-14.55555556,-8.666666667,-2.722222222
1983-03-01,9.1,19,28.9,-12.72222222,-7.222222222,-1.722222222
1983-04-01,8.9,20.2,31.5,-12.83333333,-6.555555556,-0.277777778
1983-05-01,19.5,30.6,41.8,-6.944444444,-0.777777778,5.444444444
1983-06-01,29.3,41.2,53,-1.5,5.111111111,11.66666667
1983-07-01,37.1,50.4,63.7,2.833333333,10.22222222,17.61111111
1983-08-01,40.1,52.2,64.4,4.5,11.22222222,18
1983-09-01,32.5,45.5,58.5,0.277777778,7.5,14.72222222
1983-10-01,24,35.1,46.2,-4.444444444,1.722222222,7.888888889
1983-11-01,12.1,20.6,29,-11.05555556,-6.333333333,-1.666666667
1983-12-01,1.1,9.5,17.9,-17.16666667,-12.5,-7.833333333
1984-01-01,1,10.6,20.3,-17.22222222,-11.88888889,-6.5
1984-02-01,3.8,14.5,25.1,-15.66666667,-9.722222222,-3.833333333
1984-03-01,6.6,16.5,26.3,-14.11111111,-8.611111111,-3.166666667
1984-04-01,9.5,21.1,32.7,-12.5,-6.055555556,0.388888889
1984-05-01,24.6,37.6,50.5,-4.111111111,3.111111111,10.27777778
1984-06-01,30,42.7,55.4,-1.111111111,5.944444444,13
1984-07-01,37.8,50.7,63.7,3.222222222,10.38888889,17.61111111
1984-08-01,36.5,48.5,60.4,2.5,9.166666667,15.77777778
1984-09-01,29.1,41,52.8,-1.611111111,5,11.55555556
1984-10-01,15.3,24.9,34.6,-9.277777778,-3.944444444,1.444444444
1984-11-01,10.1,20.8,31.5,-12.16666667,-6.222222222,-0.277777778
1984-12-01,4.7,14.1,23.5,-15.16666667,-9.944444444,-4.722222222
1985-01-01,-0.4,9.1,18.7,-18,-12.72222222,-7.388888889
1985-02-01,-1.6,8.7,19.1,-18.66666667,-12.94444444,-7.166666667
1985-03-01,6.9,18.3,29.8,-13.94444444,-7.611111111,-1.222222222
1985-04-01,16.2,28.8,41.5,-8.777777778,-1.777777778,5.277777778
1985-05-01,22.4,36,49.5,-5.333333333,2.222222222,9.722222222
1985-06-01,30.8,44.5,58.3,-0.666666667,6.944444444,14.61111111
1985-07-01,35.2,48.5,61.8,1.777777778,9.166666667,16.55555556
1985-08-01,33.6,48.5,63.3,0.888888889,9.166666667,17.38888889
1985-09-01,25.3,37.7,50,-3.722222222,3.166666667,10
1985-10-01,20.1,31.7,43.2,-6.611111111,-0.166666667,6.222222222
1985-11-01,8.7,16.8,24.9,-12.94444444,-8.444444444,-3.944444444
1985-12-01,5.8,14,22.1,-14.55555556,-10,-5.5
1986-01-01,8.3,18.6,28.9,-13.16666667,-7.444444444,-1.722222222
1986-02-01,6.7,15,23.3,-14.05555556,-9.444444444,-4.833333333
1986-03-01,12.8,24.2,35.7,-10.66666667,-4.333333333,2.055555556
1986-04-01,16.7,28.1,39.5,-8.5,-2.166666667,4.166666667
1986-05-01,21.8,34.2,46.7,-5.666666667,1.222222222,8.166666667
1986-06-01,31.8,45.5,59.2,-0.111111111,7.5,15.11111111
1986-07-01,35,48.2,61.4,1.666666667,9,16.33333333
1986-08-01,35.9,49.2,62.6,2.166666667,9.555555556,17
1986-09-01,28.3,39.5,50.6,-2.055555556,4.166666667,10.33333333
1986-10-01,18,29.6,41.1,-7.777777778,-1.333333333,5.055555556
1986-11-01,11.3,20.7,30.1,-11.5,-6.277777778,-1.055555556
1986-12-01,2.8,14.6,26.5,-16.22222222,-9.666666667,-3.055555556
1987-01-01,1.6,11.9,22.1,-16.88888889,-11.16666667,-5.5
1987-02-01,4.1,15,26,-15.5,-9.444444444,-3.333333333
1987-03-01,4.5,16.2,27.8,-15.27777778,-8.777777778,-2.333333333
1987-04-01,14.3,29,43.8,-9.833333333,-1.666666667,6.555555556
1987-05-01,25.7,36.8,47.9,-3.5,2.666666667,8.833333333
1987-06-01,32,45.8,59.6,0,7.666666667,15.33333333
1987-07-01,35.6,49.7,63.8,2,9.833333333,17.66666667
1987-08-01,34.7,47.6,60.4,1.5,8.666666667,15.77777778
1987-09-01,27.5,41.2,55,-2.5,5.111111111,12.77777778
1987-10-01,22.2,34.8,47.4,-5.444444444,1.555555556,8.555555556
1987-11-01,10.4,22,33.5,-12,-5.555555556,0.833333333
1987-12-01,3,11.5,19.9,-16.11111111,-11.38888889,-6.722222222
1988-01-01,-1.5,7.8,17.2,-18.61111111,-13.44444444,-8.222222222
1988-02-01,3.4,14.8,26.3,-15.88888889,-9.555555556,-3.166666667
1988-03-01,4.7,15.7,26.7,-15.16666667,-9.055555556,-2.944444444
1988-04-01,15,28.2,41.3,-9.444444444,-2.111111111,5.166666667
1988-05-01,24.2,36.7,49.2,-4.333333333,2.611111111,9.555555556
1988-06-01,34.8,48.5,62.2,1.555555556,9.166666667,16.77777778
1988-07-01,37.5,51.4,65.2,3.055555556,10.77777778,18.44444444
1988-08-01,36.6,50.4,64.1,2.555555556,10.22222222,17.83333333
1988-09-01,28.2,41.7,55.3,-2.111111111,5.388888889,12.94444444
1988-10-01,25.4,37,48.6,-3.666666667,2.777777778,9.222222222
1988-11-01,10.1,19.8,29.4,-12.16666667,-6.777777778,-1.444444444
1988-12-01,2.4,14.1,25.9,-16.44444444,-9.944444444,-3.388888889
1989-01-01,3.8,14.3,24.9,-15.66666667,-9.833333333,-3.944444444
1989-02-01,1.6,12.8,24,-16.88888889,-10.66666667,-4.444444444
1989-03-01,12,24.4,36.7,-11.11111111,-4.222222222,2.611111111
1989-04-01,16.2,29.3,42.5,-8.777777778,-1.5,5.833333333
1989-05-01,24.1,36.9,49.8,-4.388888889,2.722222222,9.888888889
1989-06-01,30,42.2,54.5,-1.111111111,5.666666667,12.5
1989-07-01,37.3,52.1,66.9,2.944444444,11.16666667,19.38888889
1989-08-01,34.9,47.9,61,1.611111111,8.833333333,16.11111111
1989-09-01,29.8,42.6,55.4,-1.222222222,5.888888889,13
1989-10-01,21.8,32.8,43.8,-5.666666667,0.444444444,6.555555556
1989-11-01,13.7,22.9,32.1,-10.16666667,-5.055555556,0.055555556
1989-12-01,3.5,12.8,22.1,-15.83333333,-10.66666667,-5.5
1990-01-01,4.2,13.8,23.4,-15.44444444,-10.11111111,-4.777777778
1990-02-01,4.4,15.5,26.6,-15.33333333,-9.166666667,-3
1990-03-01,10.7,21.9,33.1,-11.83333333,-5.611111111,0.611111111
1990-04-01,17.5,29.2,41,-8.055555556,-1.555555556,5
1990-05-01,21.5,33.4,45.4,-5.833333333,0.777777778,7.444444444
1990-06-01,34.1,47.7,61.3,1.166666667,8.722222222,16.27777778
1990-07-01,37.3,49,60.8,2.944444444,9.444444444,16
1990-08-01,35.8,48.9,62,2.111111111,9.388888889,16.66666667
1990-09-01,33.9,46.4,58.9,1.055555556,8,14.94444444
1990-10-01,22.8,32.6,42.5,-5.111111111,0.333333333,5.833333333
1990-11-01,14.4,24.2,34,-9.777777778,-4.333333333,1.111111111
1990-12-01,1.3,10.8,20.3,-17.05555556,-11.77777778,-6.5
1991-01-01,2.5,11.8,21.1,-16.38888889,-11.22222222,-6.055555556
1991-02-01,9.6,20.7,31.7,-12.44444444,-6.277777778,-0.166666667
1991-03-01,8.4,19.2,30,-13.11111111,-7.111111111,-1.111111111
1991-04-01,15.1,26.3,37.6,-9.388888889,-3.166666667,3.111111111
1991-05-01,24.8,36.7,48.6,-4,2.611111111,9.222222222
1991-06-01,33.2,45.6,58,0.666666667,7.555555556,14.44444444
1991-07-01,37.6,49.7,61.8,3.111111111,9.833333333,16.55555556
1991-08-01,38.2,49.8,61.3,3.444444444,9.888888889,16.27777778
1991-09-01,30.5,42.8,55.1,-0.833333333,6,12.83333333
1991-10-01,23.6,34.6,45.6,-4.666666667,1.444444444,7.555555556
1991-11-01,9.4,18,26.5,-12.55555556,-7.777777778,-3.055555556
1991-12-01,5.8,16.2,26.6,-14.55555556,-8.777777778,-3
1992-01-01,5,15.6,26.1,-15,-9.111111111,-3.277777778
1992-02-01,8.3,19.1,30,-13.16666667,-7.166666667,-1.111111111
1992-03-01,13.1,24.3,35.5,-10.5,-4.277777778,1.944444444
1992-04-01,20.6,32.3,44.1,-6.333333333,0.166666667,6.722222222
1992-05-01,27.3,38.5,49.7,-2.611111111,3.611111111,9.833333333
1992-06-01,30.9,42.8,54.6,-0.611111111,6,12.55555556
1992-07-01,36.5,47.9,59.4,2.5,8.833333333,15.22222222
1992-08-01,36,48.2,60.5,2.222222222,9,15.83333333
1992-09-01,31.6,43.5,55.5,-0.222222222,6.388888889,13.05555556
1992-10-01,25.5,36.7,47.9,-3.611111111,2.611111111,8.833333333
1992-11-01,7.2,16.1,25,-13.77777778,-8.833333333,-3.888888889
1992-12-01,4.3,12.9,21.6,-15.38888889,-10.61111111,-5.777777778
1993-01-01,5,14.8,24.6,-15,-9.555555556,-4.111111111
1993-02-01,4.4,14,23.6,-15.33333333,-10,-4.666666667
1993-03-01,10.6,22.4,34.2,-11.88888889,-5.333333333,1.222222222
1993-04-01,14.4,25.8,37.2,-9.777777778,-3.444444444,2.888888889
1993-05-01,24.1,36,47.9,-4.388888889,2.222222222,8.833333333
1993-06-01,30.3,42.3,54.2,-0.944444444,5.722222222,12.33333333
1993-07-01,34.1,48.2,62.3,1.166666667,9,16.83333333
1993-08-01,36.4,48,59.5,2.444444444,8.888888889,15.27777778
1993-09-01,28.5,40,51.6,-1.944444444,4.444444444,10.88888889
1993-10-01,21,30.7,40.4,-6.111111111,-0.722222222,4.666666667
1993-11-01,7.8,17.2,26.6,-13.44444444,-8.222222222,-3
1993-12-01,5.2,14.8,24.4,-14.88888889,-9.555555556,-4.222222222
1994-01-01,6.2,14.8,23.5,-14.33333333,-9.555555556,-4.722222222
1994-02-01,4,13.7,23.4,-15.55555556,-10.16666667,-4.777777778
1994-03-01,11.3,23,34.7,-11.5,-5,1.5
1994-04-01,16,27.7,39.4,-8.888888889,-2.388888889,4.111111111
1994-05-01,26.8,39.4,52.1,-2.888888889,4.111111111,11.16666667
1994-06-01,35.7,49.2,62.7,2.055555556,9.555555556,17.05555556
1994-07-01,37.5,51,64.6,3.055555556,10.55555556,18.11111111
1994-08-01,39.4,51.9,64.4,4.111111111,11.05555556,18
1994-09-01,31.6,44,56.4,-0.222222222,6.666666667,13.55555556
1994-10-01,22.6,31.6,40.7,-5.222222222,-0.222222222,4.833333333
1994-11-01,9.9,19.5,29.2,-12.27777778,-6.944444444,-1.555555556
1994-12-01,9.9,19.6,29.2,-12.27777778,-6.888888889,-1.555555556
1995-01-01,4.7,14.1,23.6,-15.16666667,-9.944444444,-4.666666667
1995-02-01,11.5,21.4,31.3,-11.38888889,-5.888888889,-0.388888889
1995-03-01,10.8,21.6,32.3,-11.77777778,-5.777777778,0.166666667
1995-04-01,14.5,24.8,35.2,-9.722222222,-4,1.777777778
1995-05-01,21.4,30.6,39.9,-5.888888889,-0.777777778,4.388888889
1995-06-01,30,41.8,53.7,-1.111111111,5.444444444,12.05555556
1995-07-01,37.7,49.5,61.2,3.166666667,9.722222222,16.22222222
1995-08-01,40.5,53.2,66,4.722222222,11.77777778,18.88888889
1995-09-01,30.6,42.2,53.9,-0.777777778,5.666666667,12.16666667
1995-10-01,22.5,31.5,40.5,-5.277777778,-0.277777778,4.722222222
1995-11-01,15.5,24.1,32.7,-9.166666667,-4.388888889,0.388888889
1995-12-01,7.7,17.1,26.4,-13.5,-8.277777778,-3.111111111
1996-01-01,4.1,12.3,20.5,-15.5,-10.94444444,-6.388888889
1996-02-01,7.3,17.8,28.4,-13.72222222,-7.888888889,-2
1996-03-01,7.8,19.9,32,-13.44444444,-6.722222222,0
1996-04-01,15.9,27.3,38.7,-8.944444444,-2.611111111,3.722222222
1996-05-01,26.6,37.7,48.8,-3,3.166666667,9.333333333
1996-06-01,33.2,46.3,59.5,0.666666667,7.944444444,15.27777778
1996-07-01,39.9,52.4,64.9,4.388888889,11.33333333,18.27777778
1996-08-01,36.9,50.5,64.2,2.722222222,10.27777778,17.88888889
1996-09-01,29.8,40.5,51.1,-1.222222222,4.722222222,10.61111111
1996-10-01,22.1,32.6,43.1,-5.5,0.333333333,6.166666667
1996-11-01,14.9,23.7,32.4,-9.5,-4.611111111,0.222222222
1996-12-01,5.8,12.6,19.4,-14.55555556,-10.77777778,-7
1997-01-01,4.3,13.5,22.7,-15.38888889,-10.27777778,-5.166666667
1997-02-01,2.7,14.3,25.9,-16.27777778,-9.833333333,-3.388888889
1997-03-01,11.6,24,36.4,-11.33333333,-4.444444444,2.444444444
1997-04-01,11,22.4,33.7,-11.66666667,-5.333333333,0.944444444
1997-05-01,24.2,35.6,47,-4.333333333,2,8.333333333
1997-06-01,33.4,45.3,57.2,0.777777778,7.388888889,14
1997-07-01,39,51.5,64,3.888888889,10.83333333,17.77777778
1997-08-01,38.7,49.3,60,3.722222222,9.611111111,15.55555556
1997-09-01,34.6,45,55.4,1.444444444,7.222222222,13
1997-10-01,22.8,33.2,43.6,-5.111111111,0.666666667,6.444444444
1997-11-01,9.2,18.4,27.5,-12.66666667,-7.555555556,-2.5
1997-12-01,4.8,14.3,23.8,-15.11111111,-9.833333333,-4.555555556
1998-01-01,8.8,16.6,24.4,-12.88888889,-8.555555556,-4.222222222
1998-02-01,6.6,16.4,26.1,-14.11111111,-8.666666667,-3.277777778
1998-03-01,8.7,20,31.3,-12.94444444,-6.666666667,-0.388888889
1998-04-01,13.2,25.3,37.4,-10.44444444,-3.722222222,3
1998-05-01,25.3,37.7,50.1,-3.722222222,3.166666667,10.05555556
1998-06-01,30.1,41.4,52.7,-1.055555556,5.222222222,11.5
1998-07-01,41.2,53.4,65.5,5.111111111,11.88888889,18.61111111
1998-08-01,38.6,51,63.3,3.666666667,10.55555556,17.38888889
1998-09-01,35.3,47.8,60.2,1.833333333,8.777777778,15.66666667
1998-10-01,23,32.6,42.2,-5,0.333333333,5.666666667
1998-11-01,16.2,23.8,31.5,-8.777777778,-4.555555556,-0.277777778
1998-12-01,6.3,15.2,24.2,-14.27777778,-9.333333333,-4.333333333
1999-01-01,8.1,16,23.9,-13.27777778,-8.888888889,-4.5
1999-02-01,8.1,18.4,28.7,-13.27777778,-7.555555556,-1.833333333
1999-03-01,12.1,24.7,37.3,-11.05555556,-4.055555556,2.944444444
1999-04-01,13,24,34.9,-10.55555556,-4.444444444,1.611111111
1999-05-01,22,33.3,44.6,-5.555555556,0.722222222,7
1999-06-01,31.8,43.4,55,-0.111111111,6.333333333,12.77777778
1999-07-01,41.1,52.7,64.3,5.055555556,11.5,17.94444444
1999-08-01,38.5,49.8,61.1,3.611111111,9.888888889,16.16666667
1999-09-01,28.7,40.5,52.3,-1.833333333,4.722222222,11.27777778
1999-10-01,23.9,35.6,47.2,-4.5,2,8.444444444
1999-11-01,19.4,30.4,41.5,-7,-0.888888889,5.277777778
1999-12-01,7.3,17.2,27,-13.72222222,-8.222222222,-2.777777778
2000-01-01,8.4,15.6,22.9,-13.11111111,-9.111111111,-5.055555556
2000-02-01,10.7,20.8,30.9,-11.83333333,-6.222222222,-0.611111111
2000-03-01,11,22.4,33.7,-11.66666667,-5.333333333,0.944444444
2000-04-01,19,31.2,43.3,-7.222222222,-0.444444444,6.277777778
2000-05-01,27.4,39.1,50.8,-2.555555556,3.944444444,10.44444444
2000-06-01,33.7,46.2,58.6,0.944444444,7.888888889,14.77777778
2000-07-01,40.9,54,67.1,4.944444444,12.22222222,19.5
2000-08-01,41.2,53.9,66.7,5.111111111,12.16666667,19.27777778
2000-09-01,32.3,44,55.7,0.166666667,6.666666667,13.16666667
2000-10-01,23.5,34.2,44.8,-4.722222222,1.222222222,7.111111111
2000-11-01,5.1,14.4,23.7,-14.94444444,-9.777777778,-4.611111111
2000-12-01,5.7,14.3,22.9,-14.61111111,-9.833333333,-5.055555556
2001-01-01,4.2,14.6,25,-15.44444444,-9.666666667,-3.888888889
2001-02-01,7.1,16.4,25.7,-13.83333333,-8.666666667,-3.5
2001-03-01,11.2,21.6,32,-11.55555556,-5.777777778,0
2001-04-01,18.7,29.9,41.2,-7.388888889,-1.166666667,5.111111111
2001-05-01,25,36,46.9,-3.888888889,2.222222222,8.277777778
2001-06-01,32.6,47.2,61.9,0.333333333,8.444444444,16.61111111
2001-07-01,40.2,52.8,65.4,4.555555556,11.55555556,18.55555556
2001-08-01,37.5,50.7,63.8,3.055555556,10.38888889,17.66666667
2001-09-01,32.2,44.5,56.8,0.111111111,6.944444444,13.77777778
2001-10-01,24.6,34.4,44.2,-4.111111111,1.333333333,6.777777778
2001-11-01,15.5,26.5,37.5,-9.166666667,-3.055555556,3.055555556
2001-12-01,6.2,14.9,23.5,-14.33333333,-9.5,-4.722222222
2002-01-01,4.1,13.3,22.5,-15.5,-10.38888889,-5.277777778
2002-02-01,1.2,13.4,25.6,-17.11111111,-10.33333333,-3.555555556
2002-03-01,5.2,17,28.9,-14.88888889,-8.333333333,-1.722222222
2002-04-01,20.2,32.2,44.2,-6.555555556,0.111111111,6.777777778
2002-05-01,23.3,35.8,48.3,-4.833333333,2.111111111,9.055555556
2002-06-01,35.9,50.1,64.2,2.166666667,10.05555556,17.88888889
2002-07-01,41.5,55.7,69.8,5.277777778,13.16666667,21
2002-08-01,35.9,50.4,64.9,2.166666667,10.22222222,18.27777778
2002-09-01,32.4,44.5,56.7,0.222222222,6.944444444,13.72222222
2002-10-01,19.1,30.1,41.2,-7.166666667,-1.055555556,5.111111111
2002-11-01,11,20.9,30.8,-11.66666667,-6.166666667,-0.666666667
2002-12-01,6.6,16.3,26,-14.11111111,-8.722222222,-3.333333333
2003-01-01,16.1,22.4,28.8,-8.833333333,-5.333333333,-1.777777778
2003-02-01,2.9,13.1,23.3,-16.16666667,-10.5,-4.833333333
2003-03-01,11,21.3,31.6,-11.66666667,-5.944444444,-0.222222222
2003-04-01,17.2,30.2,43.1,-8.222222222,-1,6.166666667
2003-05-01,25.2,37.1,49,-3.777777778,2.833333333,9.444444444
2003-06-01,31.2,43.1,55,-0.444444444,6.166666667,12.77777778
2003-07-01,42.2,56.9,71.7,5.666666667,13.83333333,22.05555556
2003-08-01,40.2,53,65.9,4.555555556,11.66666667,18.83333333
2003-09-01,29.5,41.5,53.6,-1.388888889,5.277777778,12
2003-10-01,27.1,38.3,49.5,-2.722222222,3.5,9.722222222
2003-11-01,11,19.1,27.1,-11.66666667,-7.166666667,-2.722222222
2003-12-01,9.9,18.5,27.2,-12.27777778,-7.5,-2.666666667
2004-01-01,6.9,15.9,25,-13.94444444,-8.944444444,-3.888888889
2004-02-01,2.1,14,25.9,-16.61111111,-10,-3.388888889
2004-03-01,14.7,27,39.3,-9.611111111,-2.777777778,4.055555556
2004-04-01,18,29.3,40.5,-7.777777778,-1.5,4.722222222
2004-05-01,26.4,37.9,49.4,-3.111111111,3.277777778,9.666666667
2004-06-01,31.6,43.3,55,-0.222222222,6.277777778,12.77777778
2004-07-01,37.6,49.5,61.5,3.111111111,9.722222222,16.38888889
2004-08-01,35.3,47.7,60,1.833333333,8.722222222,15.55555556
2004-09-01,31.4,42.8,54.2,-0.333333333,6,12.33333333
2004-10-01,24.5,33.2,41.9,-4.166666667,0.666666667,5.5
2004-11-01,11.6,22,32.4,-11.33333333,-5.555555556,0.222222222
2004-12-01,9.2,17.1,24.9,-12.66666667,-8.277777778,-3.944444444
2005-01-01,11.3,20.4,29.6,-11.5,-6.444444444,-1.333333333
2005-02-01,6.6,18.1,29.6,-14.11111111,-7.722222222,-1.333333333
2005-03-01,9.3,20.6,32,-12.61111111,-6.333333333,0
2005-04-01,17.5,29.5,41.5,-8.055555556,-1.388888889,5.277777778
2005-05-01,23.8,36,48.3,-4.555555556,2.222222222,9.055555556
2005-06-01,32.8,44.6,56.4,0.444444444,7,13.55555556
2005-07-01,40.4,54.7,69,4.666666667,12.61111111,20.55555556
2005-08-01,37.7,49.3,60.9,3.166666667,9.611111111,16.05555556
2005-09-01,34.6,45.9,57.2,1.444444444,7.722222222,14
2005-10-01,26.8,36.1,45.5,-2.888888889,2.277777778,7.5
2005-11-01,16.4,24.9,33.4,-8.666666667,-3.944444444,0.777777778
2005-12-01,6,14.4,22.7,-14.44444444,-9.777777778,-5.166666667
2006-01-01,8.8,17.6,26.4,-12.88888889,-8,-3.111111111
2006-02-01,6.7,15.6,24.4,-14.05555556,-9.111111111,-4.222222222
2006-03-01,11.1,21.3,31.6,-11.61111111,-5.944444444,-0.222222222
2006-04-01,20.9,32.4,43.8,-6.166666667,0.222222222,6.555555556
2006-05-01,28.4,39.5,50.5,-2,4.166666667,10.27777778
2006-06-01,36.5,49.4,62.3,2.5,9.666666667,16.83333333
2006-07-01,42.4,53.3,64.2,5.777777778,11.83333333,17.88888889
2006-08-01,40.6,51,61.4,4.777777778,10.55555556,16.33333333
2006-09-01,29.9,39.7,49.5,-1.166666667,4.277777778,9.722222222
2006-10-01,23.8,31.8,39.8,-4.555555556,-0.111111111,4.333333333
2006-11-01,16.5,25,33.4,-8.611111111,-3.888888889,0.777777778
2006-12-01,9.1,17.8,26.4,-12.72222222,-7.888888889,-3.111111111
2007-01-01,3.4,13.4,23.3,-15.88888889,-10.33333333,-4.833333333
2007-02-01,9.6,18,26.4,-12.44444444,-7.777777778,-3.111111111
2007-03-01,16.5,27,37.5,-8.611111111,-2.777777778,3.055555556
2007-04-01,19,29,39,-7.222222222,-1.666666667,3.888888889
2007-05-01,26.8,37.7,48.7,-2.888888889,3.166666667,9.277777778
2007-06-01,35.6,47.4,59.2,2,8.555555556,15.11111111
2007-07-01,42.6,54.4,66.2,5.888888889,12.44444444,19
2007-08-01,42.7,53,63.4,5.944444444,11.66666667,17.44444444
2007-09-01,35.1,45.1,55.2,1.722222222,7.277777778,12.88888889
2007-10-01,25.6,35.3,45,-3.555555556,1.833333333,7.222222222
2007-11-01,19.1,27.7,36.2,-7.166666667,-2.388888889,2.333333333
2007-12-01,6.5,14.3,22.2,-14.16666667,-9.833333333,-5.444444444
2008-01-01,4.1,12,19.9,-15.5,-11.11111111,-6.722222222
2008-02-01,7.3,16,24.7,-13.72222222,-8.888888889,-4.055555556
2008-03-01,9.6,19.8,30,-12.44444444,-6.777777778,-1.111111111
2008-04-01,15.2,25.8,36.4,-9.333333333,-3.444444444,2.444444444
2008-05-01,25.1,35,44.9,-3.833333333,1.666666667,7.166666667
2008-06-01,33.6,45.1,56.5,0.888888889,7.277777778,13.61111111
2008-07-01,41.3,53.6,66,5.166666667,12,18.88888889
2008-08-01,40.4,51.1,61.9,4.666666667,10.61111111,16.61111111
2008-09-01,32.9,43.3,53.8,0.5,6.277777778,12.11111111
2008-10-01,26.5,35.5,44.4,-3.055555556,1.944444444,6.888888889
2008-11-01,19.9,27.8,35.7,-6.722222222,-2.333333333,2.055555556
2008-12-01,8,15.8,23.6,-13.33333333,-9,-4.666666667
2009-01-01,11.8,19,26.2,-11.22222222,-7.222222222,-3.222222222
2009-02-01,13.2,20.9,28.7,-10.44444444,-6.166666667,-1.833333333
2009-03-01,14,24.2,34.4,-10,-4.333333333,1.333333333
2009-04-01,18.2,27.8,37.3,-7.666666667,-2.333333333,2.944444444
2009-05-01,28.9,38.6,48.2,-1.722222222,3.666666667,9
2009-06-01,34.8,44.4,54.1,1.555555556,6.888888889,12.27777778
2009-07-01,40,50.5,61,4.444444444,10.27777778,16.11111111
2009-08-01,38.1,49.8,61.4,3.388888889,9.888888889,16.33333333
2009-09-01,34,44.3,54.6,1.111111111,6.833333333,12.55555556
2009-10-01,19.5,27.8,36.1,-6.944444444,-2.333333333,2.277777778
2009-11-01,19.3,28.2,37,-7.055555556,-2.111111111,2.777777778
2009-12-01,3.1,11.5,19.9,-16.05555556,-11.38888889,-6.722222222
2010-01-01,9.4,18.4,27.5,-12.55555556,-7.555555556,-2.5
2010-02-01,5,14.2,23.5,-15,-9.888888889,-4.722222222
2010-03-01,12.2,23,33.7,-11,-5,0.944444444
2010-04-01,19.4,29,38.7,-7,-1.666666667,3.722222222
2010-05-01,23.5,33.3,43.2,-4.722222222,0.722222222,6.222222222
2010-06-01,36.3,47.4,58.6,2.388888889,8.555555556,14.77777778
2010-07-01,41.6,52.6,63.7,5.333333333,11.44444444,17.61111111
2010-08-01,40.5,51.2,61.9,4.722222222,10.66666667,16.61111111
2010-09-01,35.5,47.3,59.1,1.944444444,8.5,15.05555556
2010-10-01,27.2,35.9,44.6,-2.666666667,2.166666667,7
2010-11-01,13.8,22.1,30.5,-10.11111111,-5.5,-0.833333333
2010-12-01,13.6,21.2,28.9,-10.22222222,-6,-1.722222222
2011-01-01,7,14.5,21.9,-13.88888889,-9.722222222,-5.611111111
2011-02-01,3,12.7,22.4,-16.11111111,-10.72222222,-5.333333333
2011-03-01,14.5,23.9,33.4,-9.722222222,-4.5,0.777777778
2011-04-01,18.3,27.2,36.1,-7.611111111,-2.666666667,2.277777778
2011-05-01,24,32.8,41.5,-4.444444444,0.444444444,5.277777778
2011-06-01,33.1,45.2,57.4,0.611111111,7.333333333,14.11111111
2011-07-01,41.9,53.4,64.8,5.5,11.88888889,18.22222222
2011-08-01,43,54.1,65.3,6.111111111,12.27777778,18.5
2011-09-01,35,44.4,53.8,1.666666667,6.888888889,12.11111111
2011-10-01,26.5,34.6,42.7,-3.055555556,1.444444444,5.944444444
2011-11-01,14.8,23.4,31.9,-9.555555556,-4.777777778,-0.055555556
2011-12-01,8,17.4,26.9,-13.33333333,-8.111111111,-2.833333333
2012-01-01,10.6,19.6,28.6,-11.88888889,-6.888888889,-1.888888889
2012-02-01,5.5,15.4,25.2,-14.72222222,-9.222222222,-3.777777778
2012-03-01,17.6,28.8,40,-8,-1.777777778,4.444444444
2012-04-01,23.7,34.5,45.3,-4.611111111,1.388888889,7.388888889
2012-05-01,28.2,38.9,49.5,-2.111111111,3.833333333,9.722222222
2012-06-01,39.8,52.3,64.7,4.333333333,11.27777778,18.16666667
2012-07-01,43.2,54.5,65.8,6.222222222,12.5,18.77777778
2012-08-01,41.1,52.8,64.4,5.055555556,11.55555556,18
2012-09-01,34.8,45.7,56.7,1.555555556,7.611111111,13.72222222
2012-10-01,25.2,33.5,41.9,-3.777777778,0.833333333,5.5
2012-11-01,21.9,29.9,37.8,-5.611111111,-1.166666667,3.222222222
2012-12-01,9.8,17.3,24.9,-12.33333333,-8.166666667,-3.944444444
2013-01-01,8.4,17.9,27.3,-13.11111111,-7.833333333,-2.611111111
2013-02-01,7.4,16.5,25.5,-13.66666667,-8.611111111,-3.611111111
2013-03-01,13.3,23.2,33,-10.38888889,-4.888888889,0.555555556
2013-04-01,14.1,24.6,35.1,-9.944444444,-4.111111111,1.722222222
2013-05-01,25.9,36.7,47.5,-3.388888889,2.611111111,8.611111111
2013-06-01,36.5,49.1,61.8,2.5,9.5,16.55555556
2013-07-01,41.8,52.7,63.6,5.444444444,11.5,17.55555556
2013-08-01,41.2,52.1,63,5.111111111,11.16666667,17.22222222
2013-09-01,37.6,46,54.5,3.111111111,7.777777778,12.5
2013-10-01,23.3,31.5,39.8,-4.833333333,-0.277777778,4.333333333
2013-11-01,16.8,25.1,33.5,-8.444444444,-3.833333333,0.833333333
2013-12-01,7.8,15.3,22.8,-13.44444444,-9.277777778,-5.111111111
2014-01-01,9.1,16.9,24.8,-12.72222222,-8.388888889,-4
2014-02-01,9.3,17,24.8,-12.61111111,-8.333333333,-4
2014-03-01,13.8,23.8,33.9,-10.11111111,-4.555555556,1.055555556
2014-04-01,19,28.9,38.7,-7.222222222,-1.722222222,3.722222222
2014-05-01,26.9,36.8,46.8,-2.833333333,2.666666667,8.222222222
2014-06-01,34.4,46.2,58,1.333333333,7.888888889,14.44444444
2014-07-01,41.7,52.5,63.2,5.388888889,11.38888889,17.33333333
2014-08-01,39.3,49,58.7,4.055555556,9.444444444,14.83333333
2014-09-01,36.5,46.3,56,2.5,7.944444444,13.33333333
2014-10-01,29,37.4,45.8,-1.666666667,3,7.666666667
2014-11-01,14.5,22.7,30.9,-9.722222222,-5.166666667,-0.611111111
2014-12-01,11.7,19.4,27.2,-11.27777778,-7,-2.666666667
2015-01-01,12.3,20.9,29.5,-10.94444444,-6.166666667,-1.388888889
2015-02-01,11.1,20.2,29.4,-11.61111111,-6.555555556,-1.444444444
2015-03-01,16.8,27.4,38.1,-8.444444444,-2.555555556,3.388888889
2015-04-01,21,31,41,-6.111111111,-0.555555556,5
2015-05-01,27.1,35.4,43.8,-2.722222222,1.888888889,6.555555556
2015-06-01,38.3,49.6,60.9,3.5,9.777777778,16.05555556
2015-07-01,41.7,51.3,60.9,5.388888889,10.72222222,16.05555556
2015-08-01,41.3,52.5,63.6,5.166666667,11.38888889,17.55555556
2015-09-01,38.1,48.5,58.9,3.388888889,9.166666667,14.94444444
2015-10-01,30.8,39.4,47.9,-0.666666667,4.111111111,8.833333333
2015-11-01,14.8,23.6,32.4,-9.555555556,-4.666666667,0.222222222
2015-12-01,8.4,16.2,24.1,-13.11111111,-8.777777778,-4.388888889
2016-01-01,9,17.5,26,-12.77777778,-8.055555556,-3.333333333
2016-02-01,13.1,21.7,30.2,-10.5,-5.722222222,-1
2016-03-01,13.7,23,32.3,-10.16666667,-5,0.166666667
2016-04-01,20.2,29.9,39.5,-6.555555556,-1.166666667,4.166666667
2016-05-01,25.5,35.4,45.4,-3.611111111,1.888888889,7.444444444
2016-06-01,38.7,51.2,63.7,3.722222222,10.66666667,17.61111111
2016-07-01,42.9,54,65.1,6.055555556,12.22222222,18.38888889
2016-08-01,39.3,49.8,60.4,4.055555556,9.888888889,15.77777778
2016-09-01,35.1,46.2,57.3,1.722222222,7.888888889,14.05555556
2016-10-01,30.4,38.7,46.9,-0.888888889,3.722222222,8.277777778
2016-11-01,21.2,30.2,39.3,-6,-1,4.055555556
2016-12-01,7.4,15.5,23.7,-13.66666667,-9.166666667,-4.611111111
2017-01-01,6.8,15.2,23.6,-14,-9.333333333,-4.666666667
2017-02-01,15.3,23.8,32.3,-9.277777778,-4.555555556,0.166666667
2017-03-01,20.9,29.8,38.8,-6.166666667,-1.222222222,3.777777778
2017-04-01,19.5,29.8,40,-6.944444444,-1.222222222,4.444444444
2017-05-01,26,36.3,46.6,-3.333333333,2.388888889,8.111111111
2017-06-01,36.8,48.4,60,2.666666667,9.111111111,15.55555556
2017-07-01,42.4,53.5,64.5,5.777777778,11.94444444,18.05555556
2017-08-01,39.3,49.8,60.3,4.055555556,9.888888889,15.72222222
2017-09-01,35.3,45.2,55.1,1.833333333,7.333333333,12.83333333
2017-10-01,24.1,33.4,42.8,-4.388888889,0.777777778,6
2017-11-01,23,30.7,38.3,-5,-0.722222222,3.5
2017-12-01,14,21.7,29.3,-10,-5.722222222,-1.5
2018-01-01,13.7,21.5,29.2,-10.16666667,-5.833333333,-1.555555556
2018-02-01,9.6,17.7,25.7,-12.44444444,-7.944444444,-3.5
2018-03-01,13.6,23.7,33.8,-10.22222222,-4.611111111,1
2018-04-01,19.5,30,40.5,-6.944444444,-1.111111111,4.722222222
2018-05-01,30.5,41,51.6,-0.833333333,5,10.88888889
2018-06-01,39.1,51.1,63.1,3.944444444,10.61111111,17.27777778
2018-07-01,40.9,53,65.1,4.944444444,11.66666667,18.38888889
2018-08-01,38.8,50.5,62.3,3.777777778,10.27777778,16.83333333